video,description
01_0014-000_023.mp4,没有异常
01_0014-012_035.mp4,没有异常
01_0014-024_047.mp4,没有异常
01_0014-036_059.mp4,没有异常
01_0014-048_071.mp4,没有异常
01_0014-060_083.mp4,没有异常
01_0014-072_095.mp4,没有异常
01_0014-084_107.mp4,没有异常
01_0014-096_119.mp4,没有异常
01_0014-108_131.mp4,没有异常
01_0014-120_143.mp4,没有异常
01_0014-132_155.mp4,有异常
01_0014-144_167.mp4,有异常
01_0014-156_179.mp4,有异常
01_0014-168_191.mp4,有异常
01_0014-180_203.mp4,有异常
01_0014-192_215.mp4,有异常
01_0014-204_227.mp4,有异常
01_0014-216_239.mp4,有异常
01_0014-228_251.mp4,有异常
01_0014-240_263.mp4,没有异常
01_0015-000_023.mp4,没有异常
01_0015-012_035.mp4,没有异常
01_0015-024_047.mp4,没有异常
01_0015-036_059.mp4,没有异常
01_0015-048_071.mp4,没有异常
01_0015-060_083.mp4,没有异常
01_0015-072_095.mp4,有异常
01_0015-084_107.mp4,有异常
01_0015-096_119.mp4,有异常
01_0015-108_131.mp4,有异常
01_0015-120_143.mp4,有异常
01_0015-132_155.mp4,有异常
01_0015-144_167.mp4,有异常
01_0015-156_179.mp4,有异常
01_0015-168_191.mp4,有异常
01_0015-180_203.mp4,有异常
01_0015-192_215.mp4,有异常
01_0015-204_227.mp4,有异常
01_0015-216_239.mp4,有异常
01_0015-228_251.mp4,有异常
01_0015-240_263.mp4,有异常
01_0015-252_275.mp4,有异常
01_0015-264_287.mp4,有异常
01_0015-276_299.mp4,有异常
01_0015-288_311.mp4,有异常
01_0015-300_323.mp4,有异常
01_0015-312_335.mp4,有异常
01_0015-324_347.mp4,有异常
01_0015-336_359.mp4,有异常
01_0015-348_371.mp4,有异常
01_0015-360_383.mp4,有异常
01_0015-372_395.mp4,有异常
01_0015-384_407.mp4,没有异常
01_0015-396_419.mp4,没有异常
01_0015-408_431.mp4,没有异常
01_0016-000_023.mp4,没有异常
01_0016-012_035.mp4,没有异常
01_0016-024_047.mp4,没有异常
01_0016-036_059.mp4,没有异常
01_0016-048_071.mp4,没有异常
01_0016-060_083.mp4,没有异常
01_0016-072_095.mp4,没有异常
01_0016-084_107.mp4,没有异常
01_0016-096_119.mp4,没有异常
01_0016-108_131.mp4,没有异常
01_0016-120_143.mp4,没有异常
01_0016-132_155.mp4,没有异常
01_0016-144_167.mp4,没有异常
01_0016-156_179.mp4,没有异常
01_0016-168_191.mp4,有异常
01_0016-180_203.mp4,有异常
01_0016-192_215.mp4,有异常
01_0016-204_227.mp4,有异常
01_0016-216_239.mp4,有异常
01_0016-228_251.mp4,有异常
01_0016-240_263.mp4,有异常
01_0016-252_275.mp4,有异常
01_0016-264_287.mp4,有异常
01_0016-276_299.mp4,有异常
01_0016-288_311.mp4,没有异常
01_0016-300_323.mp4,没有异常
01_0016-312_335.mp4,没有异常
01_0025-000_023.mp4,没有异常
01_0025-012_035.mp4,没有异常
01_0025-024_047.mp4,没有异常
01_0025-036_059.mp4,没有异常
01_0025-048_071.mp4,没有异常
01_0025-060_083.mp4,没有异常
01_0025-072_095.mp4,没有异常
01_0025-084_107.mp4,没有异常
01_0025-096_119.mp4,没有异常
01_0025-108_131.mp4,没有异常
01_0025-120_143.mp4,没有异常
01_0025-132_155.mp4,有异常
01_0025-144_167.mp4,有异常
01_0025-156_179.mp4,有异常
01_0025-168_191.mp4,有异常
01_0025-180_203.mp4,有异常
01_0025-192_215.mp4,有异常
01_0025-204_227.mp4,没有异常
01_0025-216_239.mp4,没有异常
01_0025-228_251.mp4,没有异常
01_0025-240_263.mp4,没有异常
01_0025-252_275.mp4,没有异常
01_0025-264_287.mp4,没有异常
01_0025-276_299.mp4,没有异常
01_0025-288_311.mp4,没有异常
01_0025-300_323.mp4,没有异常
01_0025-312_335.mp4,没有异常
01_0025-324_347.mp4,没有异常
01_0025-336_359.mp4,没有异常
01_0025-348_371.mp4,没有异常
01_0025-360_383.mp4,没有异常
01_0025-372_395.mp4,没有异常
01_0025-384_407.mp4,没有异常
01_0025-396_419.mp4,没有异常
01_0025-408_431.mp4,没有异常
01_0025-420_443.mp4,没有异常
01_0025-432_455.mp4,没有异常
01_0025-444_467.mp4,没有异常
01_0025-456_479.mp4,没有异常
01_0025-468_491.mp4,没有异常
01_0025-480_503.mp4,没有异常
01_0025-492_515.mp4,没有异常
01_0025-504_527.mp4,没有异常
01_0025-516_539.mp4,没有异常
01_0025-528_551.mp4,没有异常
01_0025-540_563.mp4,没有异常
01_0025-552_575.mp4,没有异常
01_0025-564_587.mp4,没有异常
01_0025-576_599.mp4,没有异常
01_0026-000_023.mp4,没有异常
01_0026-012_035.mp4,没有异常
01_0026-024_047.mp4,没有异常
01_0026-036_059.mp4,没有异常
01_0026-048_071.mp4,没有异常
01_0026-060_083.mp4,没有异常
01_0026-072_095.mp4,没有异常
01_0026-084_107.mp4,没有异常
01_0026-096_119.mp4,没有异常
01_0026-108_131.mp4,没有异常
01_0026-120_143.mp4,没有异常
01_0026-132_155.mp4,没有异常
01_0026-144_167.mp4,没有异常
01_0026-156_179.mp4,没有异常
01_0026-168_191.mp4,没有异常
01_0026-180_203.mp4,没有异常
01_0026-192_215.mp4,没有异常
01_0026-204_227.mp4,没有异常
01_0026-216_239.mp4,没有异常
01_0026-228_251.mp4,没有异常
01_0026-240_263.mp4,没有异常
01_0026-252_275.mp4,没有异常
01_0026-264_287.mp4,有异常
01_0026-276_299.mp4,有异常
01_0026-288_311.mp4,有异常
01_0026-300_323.mp4,有异常
01_0026-312_335.mp4,有异常
01_0026-324_347.mp4,有异常
01_0026-336_359.mp4,有异常
01_0026-348_371.mp4,有异常
01_0026-360_383.mp4,有异常
01_0026-372_395.mp4,有异常
01_0026-384_407.mp4,有异常
01_0026-396_419.mp4,有异常
01_0026-408_431.mp4,没有异常
01_0026-420_443.mp4,没有异常
01_0026-432_455.mp4,没有异常
01_0026-444_467.mp4,没有异常
01_0026-456_479.mp4,没有异常
01_0026-468_491.mp4,没有异常
01_0026-480_503.mp4,没有异常
01_0027-000_023.mp4,没有异常
01_0027-012_035.mp4,没有异常
01_0027-024_047.mp4,没有异常
01_0027-036_059.mp4,没有异常
01_0027-048_071.mp4,没有异常
01_0027-060_083.mp4,有异常
01_0027-072_095.mp4,有异常
01_0027-084_107.mp4,有异常
01_0027-096_119.mp4,有异常
01_0027-108_131.mp4,有异常
01_0027-120_143.mp4,有异常
01_0027-132_155.mp4,有异常
01_0027-144_167.mp4,有异常
01_0027-156_179.mp4,没有异常
01_0027-168_191.mp4,没有异常
01_0027-180_203.mp4,没有异常
01_0027-192_215.mp4,没有异常
01_0027-204_227.mp4,没有异常
01_0027-216_239.mp4,没有异常
01_0027-228_251.mp4,没有异常
01_0027-240_263.mp4,没有异常
01_0027-252_275.mp4,没有异常
01_0027-264_287.mp4,没有异常
01_0027-276_299.mp4,没有异常
01_0027-288_311.mp4,没有异常
01_0027-300_323.mp4,没有异常
01_0027-312_335.mp4,没有异常
01_0027-324_347.mp4,没有异常
01_0027-336_359.mp4,没有异常
01_0027-348_371.mp4,没有异常
01_0027-360_383.mp4,没有异常
01_0027-372_395.mp4,没有异常
01_0027-384_407.mp4,没有异常
01_0028-000_023.mp4,没有异常
01_0028-012_035.mp4,没有异常
01_0028-024_047.mp4,没有异常
01_0028-036_059.mp4,没有异常
01_0028-048_071.mp4,没有异常
01_0028-060_083.mp4,没有异常
01_0028-072_095.mp4,没有异常
01_0028-084_107.mp4,没有异常
01_0028-096_119.mp4,没有异常
01_0028-108_131.mp4,没有异常
01_0028-120_143.mp4,没有异常
01_0028-132_155.mp4,没有异常
01_0028-144_167.mp4,没有异常
01_0028-156_179.mp4,没有异常
01_0028-168_191.mp4,没有异常
01_0028-180_203.mp4,没有异常
01_0028-192_215.mp4,没有异常
01_0028-204_227.mp4,没有异常
01_0028-216_239.mp4,没有异常
01_0028-228_251.mp4,没有异常
01_0028-240_263.mp4,没有异常
01_0028-252_275.mp4,有异常
01_0028-264_287.mp4,有异常
01_0028-276_299.mp4,有异常
01_0028-288_311.mp4,有异常
01_0028-300_323.mp4,有异常
01_0028-312_335.mp4,有异常
01_0028-324_347.mp4,有异常
01_0028-336_359.mp4,没有异常
01_0028-348_371.mp4,没有异常
01_0028-360_383.mp4,没有异常
01_0028-372_395.mp4,没有异常
01_0028-384_407.mp4,没有异常
01_0028-396_419.mp4,没有异常
01_0028-408_431.mp4,没有异常
01_0028-420_443.mp4,没有异常
01_0028-432_455.mp4,没有异常
01_0029-000_023.mp4,没有异常
01_0029-012_035.mp4,没有异常
01_0029-024_047.mp4,没有异常
01_0029-036_059.mp4,没有异常
01_0029-048_071.mp4,没有异常
01_0029-060_083.mp4,没有异常
01_0029-072_095.mp4,没有异常
01_0029-084_107.mp4,没有异常
01_0029-096_119.mp4,没有异常
01_0029-108_131.mp4,没有异常
01_0029-120_143.mp4,有异常
01_0029-132_155.mp4,有异常
01_0029-144_167.mp4,有异常
01_0029-156_179.mp4,有异常
01_0029-168_191.mp4,有异常
01_0029-180_203.mp4,有异常
01_0029-192_215.mp4,有异常
01_0029-204_227.mp4,有异常
01_0029-216_239.mp4,有异常
01_0029-228_251.mp4,有异常
01_0029-240_263.mp4,有异常
01_0029-252_275.mp4,没有异常
01_0029-264_287.mp4,没有异常
01_0029-276_299.mp4,没有异常
01_0029-288_311.mp4,没有异常
01_0030-000_023.mp4,没有异常
01_0030-012_035.mp4,没有异常
01_0030-024_047.mp4,没有异常
01_0030-036_059.mp4,没有异常
01_0030-048_071.mp4,没有异常
01_0030-060_083.mp4,没有异常
01_0030-072_095.mp4,没有异常
01_0030-084_107.mp4,没有异常
01_0030-096_119.mp4,没有异常
01_0030-108_131.mp4,没有异常
01_0030-120_143.mp4,没有异常
01_0030-132_155.mp4,有异常
01_0030-144_167.mp4,有异常
01_0030-156_179.mp4,有异常
01_0030-168_191.mp4,有异常
01_0030-180_203.mp4,有异常
01_0030-192_215.mp4,有异常
01_0030-204_227.mp4,有异常
01_0030-216_239.mp4,有异常
01_0030-228_251.mp4,有异常
01_0030-240_263.mp4,有异常
01_0030-252_275.mp4,有异常
01_0030-264_287.mp4,有异常
01_0030-276_299.mp4,有异常
01_0030-288_311.mp4,有异常
01_0030-300_323.mp4,有异常
01_0030-312_335.mp4,有异常
01_0030-324_347.mp4,有异常
01_0030-336_359.mp4,有异常
01_0030-348_371.mp4,有异常
01_0030-360_383.mp4,没有异常
01_0030-372_395.mp4,没有异常
01_0030-384_407.mp4,没有异常
01_0051-000_023.mp4,没有异常
01_0051-012_035.mp4,没有异常
01_0051-024_047.mp4,没有异常
01_0051-036_059.mp4,没有异常
01_0051-048_071.mp4,没有异常
01_0051-060_083.mp4,没有异常
01_0051-072_095.mp4,没有异常
01_0051-084_107.mp4,有异常
01_0051-096_119.mp4,有异常
01_0051-108_131.mp4,有异常
01_0051-120_143.mp4,有异常
01_0051-132_155.mp4,有异常
01_0051-144_167.mp4,有异常
01_0051-156_179.mp4,有异常
01_0051-168_191.mp4,有异常
01_0051-180_203.mp4,有异常
01_0051-192_215.mp4,有异常
01_0051-204_227.mp4,没有异常
01_0051-216_239.mp4,没有异常
01_0051-228_251.mp4,没有异常
01_0051-240_263.mp4,有异常
01_0051-252_275.mp4,有异常
01_0051-264_287.mp4,有异常
01_0051-276_299.mp4,有异常
01_0051-288_311.mp4,有异常
01_0051-300_323.mp4,有异常
01_0051-312_335.mp4,有异常
01_0052-000_023.mp4,没有异常
01_0052-012_035.mp4,没有异常
01_0052-024_047.mp4,没有异常
01_0052-036_059.mp4,没有异常
01_0052-048_071.mp4,没有异常
01_0052-060_083.mp4,没有异常
01_0052-072_095.mp4,没有异常
01_0052-084_107.mp4,没有异常
01_0052-096_119.mp4,有异常
01_0052-108_131.mp4,有异常
01_0052-120_143.mp4,有异常
01_0052-132_155.mp4,有异常
01_0052-144_167.mp4,有异常
01_0052-156_179.mp4,有异常
01_0052-168_191.mp4,有异常
01_0052-180_203.mp4,有异常
01_0052-192_215.mp4,有异常
01_0052-204_227.mp4,有异常
01_0052-216_239.mp4,有异常
01_0052-228_251.mp4,有异常
01_0052-240_263.mp4,没有异常
01_0052-252_275.mp4,没有异常
01_0052-264_287.mp4,没有异常
01_0052-276_299.mp4,没有异常
01_0052-288_311.mp4,没有异常
01_0052-300_323.mp4,没有异常
01_0052-312_335.mp4,没有异常
01_0053-000_023.mp4,没有异常
01_0053-012_035.mp4,没有异常
01_0053-024_047.mp4,没有异常
01_0053-036_059.mp4,没有异常
01_0053-048_071.mp4,没有异常
01_0053-060_083.mp4,有异常
01_0053-072_095.mp4,有异常
01_0053-084_107.mp4,有异常
01_0053-096_119.mp4,有异常
01_0053-108_131.mp4,有异常
01_0053-120_143.mp4,有异常
01_0053-132_155.mp4,有异常
01_0053-144_167.mp4,有异常
01_0053-156_179.mp4,有异常
01_0053-168_191.mp4,有异常
01_0053-180_203.mp4,有异常
01_0053-192_215.mp4,有异常
01_0053-204_227.mp4,有异常
01_0053-216_239.mp4,有异常
01_0053-228_251.mp4,有异常
01_0053-240_263.mp4,有异常
01_0053-252_275.mp4,有异常
01_0053-264_287.mp4,有异常
01_0053-276_299.mp4,有异常
01_0053-288_311.mp4,有异常
01_0053-300_323.mp4,有异常
01_0053-312_335.mp4,有异常
01_0053-324_347.mp4,没有异常
01_0053-336_359.mp4,没有异常
01_0053-348_371.mp4,没有异常
01_0053-360_383.mp4,没有异常
01_0053-372_395.mp4,没有异常
01_0053-384_407.mp4,没有异常
01_0053-396_419.mp4,没有异常
01_0053-408_431.mp4,没有异常
01_0053-420_443.mp4,没有异常
01_0053-432_455.mp4,没有异常
01_0054-000_023.mp4,没有异常
01_0054-012_035.mp4,没有异常
01_0054-024_047.mp4,没有异常
01_0054-036_059.mp4,没有异常
01_0054-048_071.mp4,没有异常
01_0054-060_083.mp4,没有异常
01_0054-072_095.mp4,没有异常
01_0054-084_107.mp4,没有异常
01_0054-096_119.mp4,没有异常
01_0054-108_131.mp4,没有异常
01_0054-120_143.mp4,没有异常
01_0054-132_155.mp4,有异常
01_0054-144_167.mp4,有异常
01_0054-156_179.mp4,有异常
01_0054-168_191.mp4,有异常
01_0054-180_203.mp4,有异常
01_0054-192_215.mp4,有异常
01_0054-204_227.mp4,有异常
01_0054-216_239.mp4,有异常
01_0054-228_251.mp4,有异常
01_0054-240_263.mp4,有异常
01_0054-252_275.mp4,有异常
01_0054-264_287.mp4,有异常
01_0054-276_299.mp4,有异常
01_0054-288_311.mp4,有异常
01_0054-300_323.mp4,有异常
01_0054-312_335.mp4,有异常
01_0054-324_347.mp4,有异常
01_0054-336_359.mp4,有异常
01_0054-348_371.mp4,有异常
01_0054-360_383.mp4,有异常
01_0054-372_395.mp4,有异常
01_0054-384_407.mp4,有异常
01_0054-396_419.mp4,有异常
01_0054-408_431.mp4,有异常
01_0054-420_443.mp4,有异常
01_0054-432_455.mp4,有异常
01_0054-444_467.mp4,没有异常
01_0054-456_479.mp4,没有异常
01_0054-468_491.mp4,没有异常
01_0054-480_503.mp4,没有异常
01_0054-492_515.mp4,没有异常
01_0054-504_527.mp4,没有异常
01_0054-516_539.mp4,没有异常
01_0054-528_551.mp4,没有异常
01_0054-540_563.mp4,没有异常
01_0054-552_575.mp4,没有异常
01_0055-000_023.mp4,没有异常
01_0055-012_035.mp4,没有异常
01_0055-024_047.mp4,没有异常
01_0055-036_059.mp4,没有异常
01_0055-048_071.mp4,有异常
01_0055-060_083.mp4,有异常
01_0055-072_095.mp4,有异常
01_0055-084_107.mp4,有异常
01_0055-096_119.mp4,有异常
01_0055-108_131.mp4,有异常
01_0055-120_143.mp4,有异常
01_0055-132_155.mp4,有异常
01_0055-144_167.mp4,有异常
01_0055-156_179.mp4,有异常
01_0055-168_191.mp4,有异常
01_0055-180_203.mp4,有异常
01_0055-192_215.mp4,有异常
01_0055-204_227.mp4,有异常
01_0055-216_239.mp4,有异常
01_0055-228_251.mp4,有异常
01_0055-240_263.mp4,有异常
01_0055-252_275.mp4,有异常
01_0055-264_287.mp4,有异常
01_0055-276_299.mp4,有异常
01_0055-288_311.mp4,有异常
01_0056-000_023.mp4,没有异常
01_0056-012_035.mp4,没有异常
01_0056-024_047.mp4,没有异常
01_0056-036_059.mp4,没有异常
01_0056-048_071.mp4,没有异常
01_0056-060_083.mp4,没有异常
01_0056-072_095.mp4,没有异常
01_0056-084_107.mp4,没有异常
01_0056-096_119.mp4,没有异常
01_0056-108_131.mp4,没有异常
01_0056-120_143.mp4,没有异常
01_0056-132_155.mp4,没有异常
01_0056-144_167.mp4,没有异常
01_0056-156_179.mp4,没有异常
01_0056-168_191.mp4,没有异常
01_0056-180_203.mp4,没有异常
01_0056-192_215.mp4,没有异常
01_0056-204_227.mp4,没有异常
01_0056-216_239.mp4,没有异常
01_0056-228_251.mp4,没有异常
01_0056-240_263.mp4,有异常
01_0056-252_275.mp4,有异常
01_0056-264_287.mp4,有异常
01_0056-276_299.mp4,有异常
01_0056-288_311.mp4,有异常
01_0056-300_323.mp4,有异常
01_0056-312_335.mp4,有异常
01_0056-324_347.mp4,有异常
01_0056-336_359.mp4,有异常
01_0056-348_371.mp4,有异常
01_0056-360_383.mp4,有异常
01_0056-372_395.mp4,有异常
01_0056-384_407.mp4,有异常
01_0056-396_419.mp4,有异常
01_0056-408_431.mp4,没有异常
01_0056-420_443.mp4,没有异常
01_0056-432_455.mp4,没有异常
01_0056-444_467.mp4,没有异常
01_0056-456_479.mp4,没有异常
01_0056-468_491.mp4,没有异常
01_0056-480_503.mp4,没有异常
01_0056-492_515.mp4,没有异常
01_0056-504_527.mp4,没有异常
01_0063-000_023.mp4,没有异常
01_0063-012_035.mp4,没有异常
01_0063-024_047.mp4,没有异常
01_0063-036_059.mp4,没有异常
01_0063-048_071.mp4,没有异常
01_0063-060_083.mp4,有异常
01_0063-072_095.mp4,有异常
01_0063-084_107.mp4,有异常
01_0063-096_119.mp4,有异常
01_0063-108_131.mp4,有异常
01_0063-120_143.mp4,有异常
01_0063-132_155.mp4,有异常
01_0063-144_167.mp4,有异常
01_0063-156_179.mp4,没有异常
01_0063-168_191.mp4,没有异常
01_0064-000_023.mp4,没有异常
01_0064-012_035.mp4,没有异常
01_0064-024_047.mp4,没有异常
01_0064-036_059.mp4,没有异常
01_0064-048_071.mp4,没有异常
01_0064-060_083.mp4,有异常
01_0064-072_095.mp4,有异常
01_0064-084_107.mp4,有异常
01_0064-096_119.mp4,有异常
01_0064-108_131.mp4,有异常
01_0064-120_143.mp4,有异常
01_0064-132_155.mp4,有异常
01_0064-144_167.mp4,有异常
01_0064-156_179.mp4,有异常
01_0064-168_191.mp4,有异常
01_0064-180_203.mp4,有异常
01_0064-192_215.mp4,有异常
01_0064-204_227.mp4,有异常
01_0064-216_239.mp4,有异常
01_0064-228_251.mp4,有异常
01_0064-240_263.mp4,有异常
01_0064-252_275.mp4,有异常
01_0064-264_287.mp4,有异常
01_0073-000_023.mp4,没有异常
01_0073-012_035.mp4,没有异常
01_0073-024_047.mp4,没有异常
01_0073-036_059.mp4,没有异常
01_0073-048_071.mp4,没有异常
01_0073-060_083.mp4,没有异常
01_0073-072_095.mp4,没有异常
01_0073-084_107.mp4,没有异常
01_0073-096_119.mp4,没有异常
01_0073-108_131.mp4,没有异常
01_0073-120_143.mp4,没有异常
01_0073-132_155.mp4,没有异常
01_0073-144_167.mp4,没有异常
01_0073-156_179.mp4,有异常
01_0073-168_191.mp4,有异常
01_0073-180_203.mp4,有异常
01_0073-192_215.mp4,有异常
01_0073-204_227.mp4,有异常
01_0073-216_239.mp4,有异常
01_0073-228_251.mp4,有异常
01_0073-240_263.mp4,有异常
01_0073-252_275.mp4,有异常
01_0073-264_287.mp4,没有异常
01_0076-000_023.mp4,有异常
01_0076-012_035.mp4,有异常
01_0076-024_047.mp4,有异常
01_0076-036_059.mp4,有异常
01_0076-048_071.mp4,有异常
01_0076-060_083.mp4,有异常
01_0076-072_095.mp4,有异常
01_0076-084_107.mp4,有异常
01_0076-096_119.mp4,有异常
01_0076-108_131.mp4,有异常
01_0076-120_143.mp4,有异常
01_0076-132_155.mp4,有异常
01_0076-144_167.mp4,有异常
01_0076-156_179.mp4,有异常
01_0076-168_191.mp4,有异常
01_0076-180_203.mp4,有异常
01_0076-192_215.mp4,有异常
01_0076-204_227.mp4,有异常
01_0076-216_239.mp4,有异常
01_0076-228_251.mp4,有异常
01_0076-240_263.mp4,有异常
01_0129-000_023.mp4,没有异常
01_0129-012_035.mp4,没有异常
01_0129-024_047.mp4,有异常
01_0129-036_059.mp4,有异常
01_0129-048_071.mp4,有异常
01_0129-060_083.mp4,有异常
01_0129-072_095.mp4,有异常
01_0129-084_107.mp4,有异常
01_0129-096_119.mp4,有异常
01_0129-108_131.mp4,有异常
01_0129-120_143.mp4,有异常
01_0129-132_155.mp4,有异常
01_0129-144_167.mp4,有异常
01_0129-156_179.mp4,没有异常
01_0129-168_191.mp4,没有异常
01_0129-180_203.mp4,没有异常
01_0129-192_215.mp4,没有异常
01_0129-204_227.mp4,没有异常
01_0129-216_239.mp4,没有异常
01_0130-000_023.mp4,没有异常
01_0130-012_035.mp4,没有异常
01_0130-024_047.mp4,没有异常
01_0130-036_059.mp4,没有异常
01_0130-048_071.mp4,没有异常
01_0130-060_083.mp4,没有异常
01_0130-072_095.mp4,没有异常
01_0130-084_107.mp4,没有异常
01_0130-096_119.mp4,没有异常
01_0130-108_131.mp4,有异常
01_0130-120_143.mp4,有异常
01_0130-132_155.mp4,有异常
01_0130-144_167.mp4,有异常
01_0130-156_179.mp4,有异常
01_0130-168_191.mp4,有异常
01_0130-180_203.mp4,有异常
01_0130-192_215.mp4,有异常
01_0130-204_227.mp4,有异常
01_0130-216_239.mp4,有异常
01_0130-228_251.mp4,没有异常
01_0130-240_263.mp4,没有异常
01_0130-252_275.mp4,没有异常
01_0130-264_287.mp4,没有异常
01_0130-276_299.mp4,没有异常
01_0130-288_311.mp4,没有异常
01_0130-300_323.mp4,没有异常
01_0130-312_335.mp4,没有异常
01_0131-000_023.mp4,没有异常
01_0131-012_035.mp4,没有异常
01_0131-024_047.mp4,没有异常
01_0131-036_059.mp4,没有异常
01_0131-048_071.mp4,有异常
01_0131-060_083.mp4,有异常
01_0131-072_095.mp4,有异常
01_0131-084_107.mp4,有异常
01_0131-096_119.mp4,有异常
01_0131-108_131.mp4,有异常
01_0131-120_143.mp4,有异常
01_0131-132_155.mp4,有异常
01_0131-144_167.mp4,有异常
01_0131-156_179.mp4,有异常
01_0131-168_191.mp4,没有异常
01_0131-180_203.mp4,没有异常
01_0131-192_215.mp4,没有异常
01_0131-204_227.mp4,没有异常
01_0131-216_239.mp4,没有异常
01_0131-228_251.mp4,没有异常
01_0131-240_263.mp4,没有异常
01_0131-252_275.mp4,没有异常
01_0131-264_287.mp4,没有异常
01_0132-000_023.mp4,没有异常
01_0132-012_035.mp4,没有异常
01_0132-024_047.mp4,没有异常
01_0132-036_059.mp4,没有异常
01_0132-048_071.mp4,没有异常
01_0132-060_083.mp4,没有异常
01_0132-072_095.mp4,没有异常
01_0132-084_107.mp4,没有异常
01_0132-096_119.mp4,有异常
01_0132-108_131.mp4,有异常
01_0132-120_143.mp4,有异常
01_0132-132_155.mp4,有异常
01_0132-144_167.mp4,有异常
01_0132-156_179.mp4,有异常
01_0132-168_191.mp4,有异常
01_0132-180_203.mp4,有异常
01_0132-192_215.mp4,有异常
01_0132-204_227.mp4,没有异常
01_0132-216_239.mp4,没有异常
01_0132-228_251.mp4,没有异常
01_0132-240_263.mp4,没有异常
01_0133-000_023.mp4,有异常
01_0133-012_035.mp4,有异常
01_0133-024_047.mp4,有异常
01_0133-036_059.mp4,有异常
01_0133-048_071.mp4,有异常
01_0133-060_083.mp4,有异常
01_0133-072_095.mp4,有异常
01_0133-084_107.mp4,有异常
01_0133-096_119.mp4,有异常
01_0133-108_131.mp4,有异常
01_0133-120_143.mp4,有异常
01_0133-132_155.mp4,有异常
01_0133-144_167.mp4,有异常
01_0133-156_179.mp4,有异常
01_0133-168_191.mp4,有异常
01_0133-180_203.mp4,有异常
01_0133-192_215.mp4,有异常
01_0134-000_023.mp4,没有异常
01_0134-012_035.mp4,没有异常
01_0134-024_047.mp4,没有异常
01_0134-036_059.mp4,没有异常
01_0134-048_071.mp4,没有异常
01_0134-060_083.mp4,没有异常
01_0134-072_095.mp4,有异常
01_0134-084_107.mp4,有异常
01_0134-096_119.mp4,有异常
01_0134-108_131.mp4,有异常
01_0134-120_143.mp4,有异常
01_0134-132_155.mp4,有异常
01_0134-144_167.mp4,有异常
01_0134-156_179.mp4,有异常
01_0134-168_191.mp4,有异常
01_0134-180_203.mp4,有异常
01_0134-192_215.mp4,没有异常
01_0134-204_227.mp4,没有异常
01_0134-216_239.mp4,有异常
01_0134-228_251.mp4,有异常
01_0134-240_263.mp4,有异常
01_0134-252_275.mp4,有异常
01_0134-264_287.mp4,有异常
01_0134-276_299.mp4,有异常
01_0134-288_311.mp4,有异常
01_0134-300_323.mp4,有异常
01_0134-312_335.mp4,没有异常
01_0134-324_347.mp4,没有异常
01_0134-336_359.mp4,没有异常
01_0134-348_371.mp4,没有异常
01_0134-360_383.mp4,没有异常
01_0134-372_395.mp4,没有异常
01_0134-384_407.mp4,没有异常
01_0134-396_419.mp4,没有异常
01_0134-408_431.mp4,没有异常
01_0135-000_023.mp4,没有异常
01_0135-012_035.mp4,没有异常
01_0135-024_047.mp4,没有异常
01_0135-036_059.mp4,没有异常
01_0135-048_071.mp4,没有异常
01_0135-060_083.mp4,没有异常
01_0135-072_095.mp4,没有异常
01_0135-084_107.mp4,没有异常
01_0135-096_119.mp4,没有异常
01_0135-108_131.mp4,没有异常
01_0135-120_143.mp4,没有异常
01_0135-132_155.mp4,没有异常
01_0135-144_167.mp4,有异常
01_0135-156_179.mp4,有异常
01_0135-168_191.mp4,有异常
01_0135-180_203.mp4,有异常
01_0135-192_215.mp4,有异常
01_0135-204_227.mp4,有异常
01_0135-216_239.mp4,有异常
01_0135-228_251.mp4,有异常
01_0135-240_263.mp4,有异常
01_0135-252_275.mp4,有异常
01_0135-264_287.mp4,有异常
01_0135-276_299.mp4,有异常
01_0135-288_311.mp4,有异常
01_0135-300_323.mp4,有异常
01_0135-312_335.mp4,有异常
01_0135-324_347.mp4,有异常
01_0135-336_359.mp4,有异常
01_0135-348_371.mp4,有异常
01_0135-360_383.mp4,没有异常
01_0135-372_395.mp4,没有异常
01_0135-384_407.mp4,没有异常
01_0136-000_023.mp4,没有异常
01_0136-012_035.mp4,没有异常
01_0136-024_047.mp4,没有异常
01_0136-036_059.mp4,没有异常
01_0136-048_071.mp4,没有异常
01_0136-060_083.mp4,没有异常
01_0136-072_095.mp4,没有异常
01_0136-084_107.mp4,没有异常
01_0136-096_119.mp4,没有异常
01_0136-108_131.mp4,没有异常
01_0136-120_143.mp4,有异常
01_0136-132_155.mp4,有异常
01_0136-144_167.mp4,有异常
01_0136-156_179.mp4,有异常
01_0136-168_191.mp4,有异常
01_0136-180_203.mp4,有异常
01_0136-192_215.mp4,有异常
01_0136-204_227.mp4,有异常
01_0136-216_239.mp4,有异常
01_0136-228_251.mp4,有异常
01_0136-240_263.mp4,有异常
01_0136-252_275.mp4,有异常
01_0136-264_287.mp4,有异常
01_0136-276_299.mp4,有异常
01_0136-288_311.mp4,有异常
01_0136-300_323.mp4,有异常
01_0136-312_335.mp4,有异常
01_0136-324_347.mp4,有异常
01_0136-336_359.mp4,有异常
01_0136-348_371.mp4,有异常
01_0136-360_383.mp4,有异常
01_0136-372_395.mp4,有异常
01_0136-384_407.mp4,有异常
01_0136-396_419.mp4,有异常
01_0136-408_431.mp4,有异常
01_0136-420_443.mp4,有异常
01_0136-432_455.mp4,有异常
01_0136-444_467.mp4,有异常
01_0136-456_479.mp4,没有异常
01_0136-468_491.mp4,没有异常
01_0136-480_503.mp4,没有异常
01_0136-492_515.mp4,没有异常
01_0136-504_527.mp4,没有异常
01_0138-000_023.mp4,没有异常
01_0138-012_035.mp4,没有异常
01_0138-024_047.mp4,没有异常
01_0138-036_059.mp4,没有异常
01_0138-048_071.mp4,没有异常
01_0138-060_083.mp4,没有异常
01_0138-072_095.mp4,没有异常
01_0138-084_107.mp4,没有异常
01_0138-096_119.mp4,有异常
01_0138-108_131.mp4,有异常
01_0138-120_143.mp4,有异常
01_0138-132_155.mp4,有异常
01_0138-144_167.mp4,有异常
01_0138-156_179.mp4,有异常
01_0138-168_191.mp4,有异常
01_0138-180_203.mp4,有异常
01_0138-192_215.mp4,有异常
01_0138-204_227.mp4,有异常
01_0138-216_239.mp4,有异常
01_0138-228_251.mp4,有异常
01_0138-240_263.mp4,没有异常
01_0138-252_275.mp4,没有异常
01_0138-264_287.mp4,没有异常
01_0138-276_299.mp4,没有异常
01_0138-288_311.mp4,没有异常
01_0139-000_023.mp4,没有异常
01_0139-012_035.mp4,没有异常
01_0139-024_047.mp4,没有异常
01_0139-036_059.mp4,没有异常
01_0139-048_071.mp4,没有异常
01_0139-060_083.mp4,没有异常
01_0139-072_095.mp4,有异常
01_0139-084_107.mp4,有异常
01_0139-096_119.mp4,有异常
01_0139-108_131.mp4,有异常
01_0139-120_143.mp4,有异常
01_0139-132_155.mp4,有异常
01_0139-144_167.mp4,有异常
01_0139-156_179.mp4,有异常
01_0139-168_191.mp4,有异常
01_0139-180_203.mp4,有异常
01_0139-192_215.mp4,没有异常
01_0140-000_023.mp4,没有异常
01_0140-012_035.mp4,没有异常
01_0140-024_047.mp4,没有异常
01_0140-036_059.mp4,没有异常
01_0140-048_071.mp4,没有异常
01_0140-060_083.mp4,没有异常
01_0140-072_095.mp4,没有异常
01_0140-084_107.mp4,没有异常
01_0140-096_119.mp4,有异常
01_0140-108_131.mp4,有异常
01_0140-120_143.mp4,有异常
01_0140-132_155.mp4,有异常
01_0140-144_167.mp4,有异常
01_0140-156_179.mp4,有异常
01_0140-168_191.mp4,有异常
01_0140-180_203.mp4,有异常
01_0140-192_215.mp4,没有异常
01_0140-204_227.mp4,没有异常
01_0140-216_239.mp4,没有异常
01_0141-000_023.mp4,没有异常
01_0141-012_035.mp4,没有异常
01_0141-024_047.mp4,没有异常
01_0141-036_059.mp4,没有异常
01_0141-048_071.mp4,没有异常
01_0141-060_083.mp4,有异常
01_0141-072_095.mp4,有异常
01_0141-084_107.mp4,有异常
01_0141-096_119.mp4,有异常
01_0141-108_131.mp4,有异常
01_0141-120_143.mp4,有异常
01_0141-132_155.mp4,有异常
01_0141-144_167.mp4,有异常
01_0141-156_179.mp4,有异常
01_0141-168_191.mp4,有异常
01_0141-180_203.mp4,有异常
01_0141-192_215.mp4,有异常
01_0141-204_227.mp4,有异常
01_0141-216_239.mp4,有异常
01_0141-228_251.mp4,没有异常
01_0141-240_263.mp4,没有异常
01_0141-252_275.mp4,没有异常
01_0141-264_287.mp4,没有异常
01_0141-276_299.mp4,没有异常
01_0141-288_311.mp4,没有异常
01_0162-000_023.mp4,没有异常
01_0162-012_035.mp4,没有异常
01_0162-024_047.mp4,没有异常
01_0162-036_059.mp4,有异常
01_0162-048_071.mp4,有异常
01_0162-060_083.mp4,有异常
01_0162-072_095.mp4,有异常
01_0162-084_107.mp4,有异常
01_0162-096_119.mp4,有异常
01_0162-108_131.mp4,有异常
01_0162-120_143.mp4,有异常
01_0162-132_155.mp4,有异常
01_0162-144_167.mp4,有异常
01_0162-156_179.mp4,有异常
01_0162-168_191.mp4,没有异常
01_0163-000_023.mp4,没有异常
01_0163-012_035.mp4,没有异常
01_0163-024_047.mp4,没有异常
01_0163-036_059.mp4,没有异常
01_0163-048_071.mp4,没有异常
01_0163-060_083.mp4,没有异常
01_0163-072_095.mp4,没有异常
01_0163-084_107.mp4,有异常
01_0163-096_119.mp4,有异常
01_0163-108_131.mp4,有异常
01_0163-120_143.mp4,有异常
01_0163-132_155.mp4,有异常
01_0163-144_167.mp4,有异常
01_0163-156_179.mp4,有异常
01_0163-168_191.mp4,有异常
01_0163-180_203.mp4,有异常
01_0163-192_215.mp4,有异常
01_0163-204_227.mp4,有异常
01_0163-216_239.mp4,有异常
01_0163-228_251.mp4,没有异常
01_0163-240_263.mp4,没有异常
01_0177-000_023.mp4,没有异常
01_0177-012_035.mp4,没有异常
01_0177-024_047.mp4,没有异常
01_0177-036_059.mp4,没有异常
01_0177-048_071.mp4,没有异常
01_0177-060_083.mp4,没有异常
01_0177-072_095.mp4,没有异常
01_0177-084_107.mp4,有异常
01_0177-096_119.mp4,有异常
01_0177-108_131.mp4,有异常
01_0177-120_143.mp4,有异常
01_0177-132_155.mp4,有异常
01_0177-144_167.mp4,有异常
01_0177-156_179.mp4,有异常
01_0177-168_191.mp4,有异常
01_0177-180_203.mp4,有异常
01_0177-192_215.mp4,没有异常
01_0177-204_227.mp4,没有异常
01_0177-216_239.mp4,没有异常
01_0177-228_251.mp4,没有异常
01_0177-240_263.mp4,没有异常
01_0177-252_275.mp4,没有异常
01_0177-264_287.mp4,没有异常
01_0177-276_299.mp4,没有异常
01_0177-288_311.mp4,没有异常
02_0128-000_023.mp4,没有异常
02_0128-012_035.mp4,没有异常
02_0128-024_047.mp4,没有异常
02_0128-036_059.mp4,没有异常
02_0128-048_071.mp4,没有异常
02_0128-060_083.mp4,没有异常
02_0128-072_095.mp4,有异常
02_0128-084_107.mp4,有异常
02_0128-096_119.mp4,有异常
02_0128-108_131.mp4,有异常
02_0128-120_143.mp4,有异常
02_0128-132_155.mp4,有异常
02_0128-144_167.mp4,有异常
02_0128-156_179.mp4,有异常
02_0128-168_191.mp4,有异常
02_0128-180_203.mp4,有异常
02_0128-192_215.mp4,有异常
02_0128-204_227.mp4,有异常
02_0128-216_239.mp4,没有异常
02_0128-228_251.mp4,没有异常
02_0128-240_263.mp4,有异常
02_0128-252_275.mp4,有异常
02_0128-264_287.mp4,有异常
02_0128-276_299.mp4,有异常
02_0128-288_311.mp4,有异常
02_0128-300_323.mp4,有异常
02_0128-312_335.mp4,有异常
02_0128-324_347.mp4,有异常
02_0128-336_359.mp4,有异常
02_0128-348_371.mp4,有异常
02_0128-360_383.mp4,有异常
02_0128-372_395.mp4,有异常
02_0128-384_407.mp4,有异常
02_0128-396_419.mp4,没有异常
02_0128-408_431.mp4,没有异常
02_0128-420_443.mp4,没有异常
02_0128-432_455.mp4,没有异常
02_0161-000_023.mp4,没有异常
02_0161-012_035.mp4,没有异常
02_0161-024_047.mp4,没有异常
02_0161-036_059.mp4,没有异常
02_0161-048_071.mp4,有异常
02_0161-060_083.mp4,有异常
02_0161-072_095.mp4,有异常
02_0161-084_107.mp4,有异常
02_0161-096_119.mp4,有异常
02_0161-108_131.mp4,有异常
02_0161-120_143.mp4,有异常
02_0161-132_155.mp4,有异常
02_0161-144_167.mp4,有异常
02_0161-156_179.mp4,有异常
02_0161-168_191.mp4,有异常
02_0161-180_203.mp4,有异常
02_0161-192_215.mp4,有异常
02_0161-204_227.mp4,有异常
02_0161-216_239.mp4,有异常
02_0161-228_251.mp4,有异常
02_0161-240_263.mp4,有异常
02_0161-252_275.mp4,有异常
02_0161-264_287.mp4,有异常
02_0161-276_299.mp4,有异常
02_0161-288_311.mp4,没有异常
02_0161-300_323.mp4,没有异常
02_0161-312_335.mp4,没有异常
02_0164-000_023.mp4,没有异常
02_0164-012_035.mp4,没有异常
02_0164-024_047.mp4,没有异常
02_0164-036_059.mp4,没有异常
02_0164-048_071.mp4,没有异常
02_0164-060_083.mp4,没有异常
02_0164-072_095.mp4,没有异常
02_0164-084_107.mp4,有异常
02_0164-096_119.mp4,有异常
02_0164-108_131.mp4,有异常
02_0164-120_143.mp4,有异常
02_0164-132_155.mp4,有异常
02_0164-144_167.mp4,有异常
02_0164-156_179.mp4,有异常
02_0164-168_191.mp4,有异常
02_0164-180_203.mp4,有异常
02_0164-192_215.mp4,有异常
02_0164-204_227.mp4,有异常
02_0164-216_239.mp4,有异常
02_0164-228_251.mp4,有异常
02_0164-240_263.mp4,有异常
02_0164-252_275.mp4,有异常
02_0164-264_287.mp4,有异常
02_0164-276_299.mp4,有异常
02_0164-288_311.mp4,有异常
02_0164-300_323.mp4,没有异常
02_0164-312_335.mp4,没有异常
02_0164-324_347.mp4,没有异常
02_0164-336_359.mp4,没有异常
03_0031-000_023.mp4,没有异常
03_0031-012_035.mp4,没有异常
03_0031-024_047.mp4,没有异常
03_0031-036_059.mp4,没有异常
03_0031-048_071.mp4,没有异常
03_0031-060_083.mp4,没有异常
03_0031-072_095.mp4,没有异常
03_0031-084_107.mp4,没有异常
03_0031-096_119.mp4,没有异常
03_0031-108_131.mp4,没有异常
03_0031-120_143.mp4,没有异常
03_0031-132_155.mp4,没有异常
03_0031-144_167.mp4,没有异常
03_0031-156_179.mp4,没有异常
03_0031-168_191.mp4,没有异常
03_0031-180_203.mp4,没有异常
03_0031-192_215.mp4,没有异常
03_0031-204_227.mp4,没有异常
03_0031-216_239.mp4,没有异常
03_0031-228_251.mp4,没有异常
03_0031-240_263.mp4,没有异常
03_0031-252_275.mp4,没有异常
03_0031-264_287.mp4,没有异常
03_0031-276_299.mp4,没有异常
03_0031-288_311.mp4,没有异常
03_0031-300_323.mp4,没有异常
03_0031-312_335.mp4,有异常
03_0031-324_347.mp4,有异常
03_0031-336_359.mp4,有异常
03_0031-348_371.mp4,有异常
03_0031-360_383.mp4,有异常
03_0031-372_395.mp4,有异常
03_0031-384_407.mp4,有异常
03_0031-396_419.mp4,没有异常
03_0031-408_431.mp4,没有异常
03_0031-420_443.mp4,没有异常
03_0031-432_455.mp4,没有异常
03_0031-444_467.mp4,没有异常
03_0031-456_479.mp4,没有异常
03_0031-468_491.mp4,没有异常
03_0031-480_503.mp4,没有异常
03_0031-492_515.mp4,没有异常
03_0031-504_527.mp4,没有异常
03_0032-000_023.mp4,没有异常
03_0032-012_035.mp4,没有异常
03_0032-024_047.mp4,没有异常
03_0032-036_059.mp4,没有异常
03_0032-048_071.mp4,没有异常
03_0032-060_083.mp4,没有异常
03_0032-072_095.mp4,没有异常
03_0032-084_107.mp4,没有异常
03_0032-096_119.mp4,没有异常
03_0032-108_131.mp4,没有异常
03_0032-120_143.mp4,没有异常
03_0032-132_155.mp4,有异常
03_0032-144_167.mp4,有异常
03_0032-156_179.mp4,有异常
03_0032-168_191.mp4,有异常
03_0032-180_203.mp4,有异常
03_0032-192_215.mp4,有异常
03_0032-204_227.mp4,有异常
03_0032-216_239.mp4,有异常
03_0032-228_251.mp4,有异常
03_0032-240_263.mp4,有异常
03_0032-252_275.mp4,有异常
03_0032-264_287.mp4,没有异常
03_0032-276_299.mp4,没有异常
03_0032-288_311.mp4,没有异常
03_0032-300_323.mp4,没有异常
03_0032-312_335.mp4,没有异常
03_0032-324_347.mp4,没有异常
03_0032-336_359.mp4,没有异常
03_0032-348_371.mp4,没有异常
03_0032-360_383.mp4,没有异常
03_0032-372_395.mp4,没有异常
03_0032-384_407.mp4,没有异常
03_0033-000_023.mp4,没有异常
03_0033-012_035.mp4,没有异常
03_0033-024_047.mp4,没有异常
03_0033-036_059.mp4,有异常
03_0033-048_071.mp4,有异常
03_0033-060_083.mp4,有异常
03_0033-072_095.mp4,有异常
03_0033-084_107.mp4,有异常
03_0033-096_119.mp4,有异常
03_0033-108_131.mp4,有异常
03_0033-120_143.mp4,有异常
03_0033-132_155.mp4,有异常
03_0033-144_167.mp4,有异常
03_0033-156_179.mp4,有异常
03_0033-168_191.mp4,没有异常
03_0033-180_203.mp4,没有异常
03_0033-192_215.mp4,没有异常
03_0033-204_227.mp4,没有异常
03_0033-216_239.mp4,没有异常
03_0033-228_251.mp4,没有异常
03_0033-240_263.mp4,没有异常
03_0033-252_275.mp4,没有异常
03_0033-264_287.mp4,没有异常
03_0033-276_299.mp4,没有异常
03_0033-288_311.mp4,没有异常
03_0035-000_023.mp4,没有异常
03_0035-012_035.mp4,没有异常
03_0035-024_047.mp4,没有异常
03_0035-036_059.mp4,没有异常
03_0035-048_071.mp4,有异常
03_0035-060_083.mp4,有异常
03_0035-072_095.mp4,有异常
03_0035-084_107.mp4,有异常
03_0035-096_119.mp4,有异常
03_0035-108_131.mp4,没有异常
03_0035-120_143.mp4,没有异常
03_0035-132_155.mp4,没有异常
03_0035-144_167.mp4,没有异常
03_0035-156_179.mp4,没有异常
03_0035-168_191.mp4,没有异常
03_0035-180_203.mp4,没有异常
03_0035-192_215.mp4,没有异常
03_0035-204_227.mp4,有异常
03_0035-216_239.mp4,有异常
03_0035-228_251.mp4,有异常
03_0035-240_263.mp4,有异常
03_0035-252_275.mp4,有异常
03_0035-264_287.mp4,有异常
03_0035-276_299.mp4,有异常
03_0035-288_311.mp4,没有异常
03_0035-300_323.mp4,没有异常
03_0035-312_335.mp4,没有异常
03_0035-324_347.mp4,没有异常
03_0035-336_359.mp4,没有异常
03_0035-348_371.mp4,没有异常
03_0035-360_383.mp4,没有异常
03_0036-000_023.mp4,没有异常
03_0036-012_035.mp4,没有异常
03_0036-024_047.mp4,没有异常
03_0036-036_059.mp4,没有异常
03_0036-048_071.mp4,没有异常
03_0036-060_083.mp4,没有异常
03_0036-072_095.mp4,没有异常
03_0036-084_107.mp4,没有异常
03_0036-096_119.mp4,没有异常
03_0036-108_131.mp4,没有异常
03_0036-120_143.mp4,没有异常
03_0036-132_155.mp4,没有异常
03_0036-144_167.mp4,没有异常
03_0036-156_179.mp4,没有异常
03_0036-168_191.mp4,有异常
03_0036-180_203.mp4,有异常
03_0036-192_215.mp4,有异常
03_0036-204_227.mp4,有异常
03_0036-216_239.mp4,有异常
03_0036-228_251.mp4,有异常
03_0036-240_263.mp4,有异常
03_0036-252_275.mp4,有异常
03_0036-264_287.mp4,有异常
03_0036-276_299.mp4,有异常
03_0036-288_311.mp4,有异常
03_0036-300_323.mp4,有异常
03_0036-312_335.mp4,有异常
03_0036-324_347.mp4,有异常
03_0036-336_359.mp4,有异常
03_0036-348_371.mp4,有异常
03_0036-360_383.mp4,有异常
03_0036-372_395.mp4,有异常
03_0036-384_407.mp4,有异常
03_0036-396_419.mp4,有异常
03_0036-408_431.mp4,有异常
03_0036-420_443.mp4,没有异常
03_0036-432_455.mp4,没有异常
03_0039-000_023.mp4,没有异常
03_0039-012_035.mp4,没有异常
03_0039-024_047.mp4,没有异常
03_0039-036_059.mp4,没有异常
03_0039-048_071.mp4,没有异常
03_0039-060_083.mp4,没有异常
03_0039-072_095.mp4,没有异常
03_0039-084_107.mp4,没有异常
03_0039-096_119.mp4,没有异常
03_0039-108_131.mp4,没有异常
03_0039-120_143.mp4,没有异常
03_0039-132_155.mp4,没有异常
03_0039-144_167.mp4,没有异常
03_0039-156_179.mp4,没有异常
03_0039-168_191.mp4,没有异常
03_0039-180_203.mp4,没有异常
03_0039-192_215.mp4,没有异常
03_0039-204_227.mp4,有异常
03_0039-216_239.mp4,有异常
03_0039-228_251.mp4,有异常
03_0039-240_263.mp4,有异常
03_0039-252_275.mp4,有异常
03_0039-264_287.mp4,有异常
03_0039-276_299.mp4,有异常
03_0039-288_311.mp4,有异常
03_0039-300_323.mp4,有异常
03_0039-312_335.mp4,有异常
03_0039-324_347.mp4,有异常
03_0039-336_359.mp4,有异常
03_0039-348_371.mp4,有异常
03_0039-360_383.mp4,有异常
03_0039-372_395.mp4,有异常
03_0039-384_407.mp4,有异常
03_0039-396_419.mp4,有异常
03_0039-408_431.mp4,有异常
03_0039-420_443.mp4,有异常
03_0039-432_455.mp4,有异常
03_0039-444_467.mp4,有异常
03_0039-456_479.mp4,没有异常
03_0041-000_023.mp4,没有异常
03_0041-012_035.mp4,没有异常
03_0041-024_047.mp4,没有异常
03_0041-036_059.mp4,没有异常
03_0041-048_071.mp4,没有异常
03_0041-060_083.mp4,没有异常
03_0041-072_095.mp4,有异常
03_0041-084_107.mp4,有异常
03_0041-096_119.mp4,有异常
03_0041-108_131.mp4,有异常
03_0041-120_143.mp4,有异常
03_0041-132_155.mp4,有异常
03_0041-144_167.mp4,有异常
03_0041-156_179.mp4,有异常
03_0041-168_191.mp4,有异常
03_0041-180_203.mp4,有异常
03_0041-192_215.mp4,没有异常
03_0041-204_227.mp4,没有异常
03_0041-216_239.mp4,没有异常
03_0041-228_251.mp4,没有异常
03_0041-240_263.mp4,没有异常
03_0041-252_275.mp4,没有异常
03_0041-264_287.mp4,没有异常
03_0041-276_299.mp4,没有异常
03_0041-288_311.mp4,没有异常
03_0041-300_323.mp4,没有异常
03_0041-312_335.mp4,没有异常
03_0041-324_347.mp4,没有异常
03_0041-336_359.mp4,没有异常
03_0041-348_371.mp4,没有异常
03_0041-360_383.mp4,没有异常
03_0041-372_395.mp4,没有异常
03_0041-384_407.mp4,没有异常
03_0041-396_419.mp4,没有异常
03_0041-408_431.mp4,没有异常
03_0041-420_443.mp4,没有异常
03_0041-432_455.mp4,没有异常
03_0059-000_023.mp4,没有异常
03_0059-012_035.mp4,没有异常
03_0059-024_047.mp4,没有异常
03_0059-036_059.mp4,没有异常
03_0059-048_071.mp4,没有异常
03_0059-060_083.mp4,没有异常
03_0059-072_095.mp4,没有异常
03_0059-084_107.mp4,没有异常
03_0059-096_119.mp4,没有异常
03_0059-108_131.mp4,有异常
03_0059-120_143.mp4,有异常
03_0059-132_155.mp4,有异常
03_0059-144_167.mp4,有异常
03_0059-156_179.mp4,有异常
03_0059-168_191.mp4,有异常
03_0059-180_203.mp4,有异常
03_0059-192_215.mp4,有异常
03_0059-204_227.mp4,有异常
03_0059-216_239.mp4,有异常
03_0059-228_251.mp4,有异常
03_0059-240_263.mp4,有异常
03_0059-252_275.mp4,有异常
03_0059-264_287.mp4,有异常
03_0059-276_299.mp4,有异常
03_0059-288_311.mp4,没有异常
03_0059-300_323.mp4,没有异常
03_0059-312_335.mp4,没有异常
03_0059-324_347.mp4,没有异常
03_0059-336_359.mp4,没有异常
03_0059-348_371.mp4,没有异常
03_0059-360_383.mp4,没有异常
03_0059-372_395.mp4,没有异常
03_0059-384_407.mp4,没有异常
03_0059-396_419.mp4,没有异常
03_0059-408_431.mp4,没有异常
03_0060-000_023.mp4,没有异常
03_0060-012_035.mp4,没有异常
03_0060-024_047.mp4,没有异常
03_0060-036_059.mp4,没有异常
03_0060-048_071.mp4,没有异常
03_0060-060_083.mp4,没有异常
03_0060-072_095.mp4,没有异常
03_0060-084_107.mp4,没有异常
03_0060-096_119.mp4,没有异常
03_0060-108_131.mp4,没有异常
03_0060-120_143.mp4,没有异常
03_0060-132_155.mp4,没有异常
03_0060-144_167.mp4,没有异常
03_0060-156_179.mp4,没有异常
03_0060-168_191.mp4,有异常
03_0060-180_203.mp4,有异常
03_0060-192_215.mp4,有异常
03_0060-204_227.mp4,有异常
03_0060-216_239.mp4,有异常
03_0060-228_251.mp4,有异常
03_0060-240_263.mp4,有异常
03_0060-252_275.mp4,有异常
03_0060-264_287.mp4,有异常
03_0060-276_299.mp4,没有异常
03_0060-288_311.mp4,没有异常
03_0060-300_323.mp4,没有异常
03_0060-312_335.mp4,没有异常
03_0060-324_347.mp4,没有异常
03_0060-336_359.mp4,没有异常
03_0060-348_371.mp4,没有异常
03_0060-360_383.mp4,没有异常
03_0061-000_023.mp4,有异常
03_0061-012_035.mp4,有异常
03_0061-024_047.mp4,有异常
03_0061-036_059.mp4,有异常
03_0061-048_071.mp4,有异常
03_0061-060_083.mp4,有异常
03_0061-072_095.mp4,没有异常
03_0061-084_107.mp4,没有异常
03_0061-096_119.mp4,没有异常
03_0061-108_131.mp4,没有异常
03_0061-120_143.mp4,没有异常
03_0061-132_155.mp4,没有异常
03_0061-144_167.mp4,没有异常
03_0061-156_179.mp4,没有异常
03_0061-168_191.mp4,没有异常
03_0061-180_203.mp4,没有异常
03_0061-192_215.mp4,没有异常
03_0061-204_227.mp4,没有异常
03_0061-216_239.mp4,没有异常
04_0001-000_023.mp4,有异常
04_0001-012_035.mp4,有异常
04_0001-024_047.mp4,有异常
04_0001-036_059.mp4,有异常
04_0001-048_071.mp4,有异常
04_0001-060_083.mp4,有异常
04_0001-072_095.mp4,有异常
04_0001-084_107.mp4,有异常
04_0001-096_119.mp4,有异常
04_0001-108_131.mp4,有异常
04_0001-120_143.mp4,有异常
04_0001-132_155.mp4,有异常
04_0001-144_167.mp4,有异常
04_0001-156_179.mp4,有异常
04_0001-168_191.mp4,有异常
04_0001-180_203.mp4,没有异常
04_0001-192_215.mp4,没有异常
04_0001-204_227.mp4,没有异常
04_0001-216_239.mp4,没有异常
04_0001-228_251.mp4,没有异常
04_0001-240_263.mp4,没有异常
04_0001-252_275.mp4,没有异常
04_0001-264_287.mp4,没有异常
04_0001-276_299.mp4,没有异常
04_0001-288_311.mp4,没有异常
04_0001-300_323.mp4,没有异常
04_0001-312_335.mp4,没有异常
04_0001-324_347.mp4,没有异常
04_0001-336_359.mp4,没有异常
04_0001-348_371.mp4,没有异常
04_0001-360_383.mp4,没有异常
04_0001-372_395.mp4,有异常
04_0001-384_407.mp4,有异常
04_0001-396_419.mp4,有异常
04_0001-408_431.mp4,有异常
04_0001-420_443.mp4,有异常
04_0001-432_455.mp4,有异常
04_0001-444_467.mp4,有异常
04_0001-456_479.mp4,有异常
04_0001-468_491.mp4,有异常
04_0001-480_503.mp4,有异常
04_0001-492_515.mp4,有异常
04_0001-504_527.mp4,没有异常
04_0001-516_539.mp4,没有异常
04_0001-528_551.mp4,没有异常
04_0003-000_023.mp4,没有异常
04_0003-012_035.mp4,没有异常
04_0003-024_047.mp4,没有异常
04_0003-036_059.mp4,没有异常
04_0003-048_071.mp4,没有异常
04_0003-060_083.mp4,没有异常
04_0003-072_095.mp4,没有异常
04_0003-084_107.mp4,没有异常
04_0003-096_119.mp4,没有异常
04_0003-108_131.mp4,没有异常
04_0003-120_143.mp4,没有异常
04_0003-132_155.mp4,没有异常
04_0003-144_167.mp4,没有异常
04_0003-156_179.mp4,没有异常
04_0003-168_191.mp4,没有异常
04_0003-180_203.mp4,没有异常
04_0003-192_215.mp4,没有异常
04_0003-204_227.mp4,没有异常
04_0003-216_239.mp4,没有异常
04_0003-228_251.mp4,没有异常
04_0003-240_263.mp4,没有异常
04_0003-252_275.mp4,没有异常
04_0003-264_287.mp4,没有异常
04_0003-276_299.mp4,没有异常
04_0003-288_311.mp4,没有异常
04_0003-300_323.mp4,没有异常
04_0003-312_335.mp4,没有异常
04_0003-324_347.mp4,没有异常
04_0003-336_359.mp4,没有异常
04_0003-348_371.mp4,没有异常
04_0003-360_383.mp4,没有异常
04_0003-372_395.mp4,没有异常
04_0003-384_407.mp4,有异常
04_0003-396_419.mp4,有异常
04_0003-408_431.mp4,有异常
04_0003-420_443.mp4,有异常
04_0003-432_455.mp4,有异常
04_0003-444_467.mp4,有异常
04_0003-456_479.mp4,有异常
04_0003-468_491.mp4,有异常
04_0003-480_503.mp4,有异常
04_0003-492_515.mp4,有异常
04_0003-504_527.mp4,有异常
04_0003-516_539.mp4,有异常
04_0003-528_551.mp4,有异常
04_0003-540_563.mp4,有异常
04_0003-552_575.mp4,有异常
04_0003-564_587.mp4,有异常
04_0003-576_599.mp4,有异常
04_0003-588_611.mp4,有异常
04_0003-600_623.mp4,有异常
04_0003-612_635.mp4,有异常
04_0003-624_647.mp4,有异常
04_0003-636_659.mp4,有异常
04_0003-648_671.mp4,有异常
04_0003-660_683.mp4,没有异常
04_0003-672_695.mp4,没有异常
04_0003-684_707.mp4,没有异常
04_0003-696_719.mp4,没有异常
04_0003-708_731.mp4,没有异常
04_0003-720_743.mp4,没有异常
04_0003-732_755.mp4,没有异常
04_0003-744_767.mp4,没有异常
04_0003-756_779.mp4,没有异常
04_0003-768_791.mp4,没有异常
04_0003-780_803.mp4,没有异常
04_0003-792_815.mp4,没有异常
04_0003-804_827.mp4,没有异常
04_0003-816_839.mp4,没有异常
04_0003-828_851.mp4,没有异常
04_0003-840_863.mp4,没有异常
04_0003-852_875.mp4,没有异常
04_0003-864_887.mp4,没有异常
04_0003-876_899.mp4,没有异常
04_0003-888_911.mp4,没有异常
04_0003-900_923.mp4,没有异常
04_0003-912_935.mp4,没有异常
04_0004-000_023.mp4,没有异常
04_0004-012_035.mp4,没有异常
04_0004-024_047.mp4,没有异常
04_0004-036_059.mp4,没有异常
04_0004-048_071.mp4,没有异常
04_0004-060_083.mp4,没有异常
04_0004-072_095.mp4,没有异常
04_0004-084_107.mp4,没有异常
04_0004-096_119.mp4,没有异常
04_0004-108_131.mp4,没有异常
04_0004-120_143.mp4,没有异常
04_0004-132_155.mp4,没有异常
04_0004-144_167.mp4,没有异常
04_0004-156_179.mp4,没有异常
04_0004-168_191.mp4,没有异常
04_0004-180_203.mp4,没有异常
04_0004-192_215.mp4,没有异常
04_0004-204_227.mp4,没有异常
04_0004-216_239.mp4,没有异常
04_0004-228_251.mp4,没有异常
04_0004-240_263.mp4,没有异常
04_0004-252_275.mp4,没有异常
04_0004-264_287.mp4,没有异常
04_0004-276_299.mp4,没有异常
04_0004-288_311.mp4,没有异常
04_0004-300_323.mp4,没有异常
04_0004-312_335.mp4,没有异常
04_0004-324_347.mp4,没有异常
04_0004-336_359.mp4,没有异常
04_0004-348_371.mp4,没有异常
04_0004-360_383.mp4,没有异常
04_0004-372_395.mp4,没有异常
04_0004-384_407.mp4,没有异常
04_0004-396_419.mp4,没有异常
04_0004-408_431.mp4,有异常
04_0004-420_443.mp4,有异常
04_0004-432_455.mp4,有异常
04_0004-444_467.mp4,有异常
04_0004-456_479.mp4,有异常
04_0004-468_491.mp4,有异常
04_0004-480_503.mp4,有异常
04_0004-492_515.mp4,有异常
04_0004-504_527.mp4,有异常
04_0004-516_539.mp4,有异常
04_0004-528_551.mp4,有异常
04_0004-540_563.mp4,有异常
04_0004-552_575.mp4,有异常
04_0004-564_587.mp4,没有异常
04_0004-576_599.mp4,没有异常
04_0004-588_611.mp4,没有异常
04_0004-600_623.mp4,没有异常
04_0004-612_635.mp4,没有异常
04_0004-624_647.mp4,没有异常
04_0004-636_659.mp4,没有异常
04_0004-648_671.mp4,没有异常
04_0004-660_683.mp4,没有异常
04_0004-672_695.mp4,没有异常
04_0004-684_707.mp4,没有异常
04_0004-696_719.mp4,没有异常
04_0004-708_731.mp4,没有异常
04_0004-720_743.mp4,没有异常
04_0004-732_755.mp4,没有异常
04_0004-744_767.mp4,没有异常
04_0004-756_779.mp4,没有异常
04_0004-768_791.mp4,没有异常
04_0004-780_803.mp4,没有异常
04_0004-792_815.mp4,没有异常
04_0004-804_827.mp4,没有异常
04_0004-816_839.mp4,没有异常
04_0004-828_851.mp4,没有异常
04_0004-840_863.mp4,没有异常
04_0010-000_023.mp4,没有异常
04_0010-012_035.mp4,没有异常
04_0010-024_047.mp4,没有异常
04_0010-036_059.mp4,没有异常
04_0010-048_071.mp4,没有异常
04_0010-060_083.mp4,没有异常
04_0010-072_095.mp4,没有异常
04_0010-084_107.mp4,没有异常
04_0010-096_119.mp4,没有异常
04_0010-108_131.mp4,没有异常
04_0010-120_143.mp4,没有异常
04_0010-132_155.mp4,没有异常
04_0010-144_167.mp4,没有异常
04_0010-156_179.mp4,没有异常
04_0010-168_191.mp4,没有异常
04_0010-180_203.mp4,没有异常
04_0010-192_215.mp4,没有异常
04_0010-204_227.mp4,没有异常
04_0010-216_239.mp4,有异常
04_0010-228_251.mp4,有异常
04_0010-240_263.mp4,有异常
04_0010-252_275.mp4,有异常
04_0010-264_287.mp4,有异常
04_0010-276_299.mp4,有异常
04_0010-288_311.mp4,有异常
04_0010-300_323.mp4,有异常
04_0010-312_335.mp4,有异常
04_0010-324_347.mp4,有异常
04_0010-336_359.mp4,没有异常
04_0010-348_371.mp4,没有异常
04_0010-360_383.mp4,没有异常
04_0010-372_395.mp4,没有异常
04_0010-384_407.mp4,没有异常
04_0010-396_419.mp4,没有异常
04_0010-408_431.mp4,没有异常
04_0010-420_443.mp4,没有异常
04_0010-432_455.mp4,没有异常
04_0010-444_467.mp4,没有异常
04_0010-456_479.mp4,没有异常
04_0010-468_491.mp4,没有异常
04_0010-480_503.mp4,没有异常
04_0011-000_023.mp4,有异常
04_0011-012_035.mp4,有异常
04_0011-024_047.mp4,有异常
04_0011-036_059.mp4,有异常
04_0011-048_071.mp4,有异常
04_0011-060_083.mp4,有异常
04_0011-072_095.mp4,有异常
04_0011-084_107.mp4,有异常
04_0011-096_119.mp4,有异常
04_0011-108_131.mp4,有异常
04_0011-120_143.mp4,有异常
04_0011-132_155.mp4,有异常
04_0011-144_167.mp4,有异常
04_0011-156_179.mp4,有异常
04_0011-168_191.mp4,有异常
04_0011-180_203.mp4,有异常
04_0011-192_215.mp4,有异常
04_0011-204_227.mp4,有异常
04_0011-216_239.mp4,有异常
04_0011-228_251.mp4,有异常
04_0011-240_263.mp4,有异常
04_0011-252_275.mp4,有异常
04_0011-264_287.mp4,有异常
04_0011-276_299.mp4,有异常
04_0011-288_311.mp4,有异常
04_0012-000_023.mp4,有异常
04_0012-012_035.mp4,有异常
04_0012-024_047.mp4,有异常
04_0012-036_059.mp4,有异常
04_0012-048_071.mp4,有异常
04_0012-060_083.mp4,有异常
04_0012-072_095.mp4,有异常
04_0012-084_107.mp4,有异常
04_0012-096_119.mp4,有异常
04_0012-108_131.mp4,有异常
04_0012-120_143.mp4,有异常
04_0012-132_155.mp4,有异常
04_0012-144_167.mp4,有异常
04_0012-156_179.mp4,有异常
04_0012-168_191.mp4,有异常
04_0012-180_203.mp4,有异常
04_0012-192_215.mp4,有异常
04_0012-204_227.mp4,有异常
04_0012-216_239.mp4,有异常
04_0012-228_251.mp4,有异常
04_0012-240_263.mp4,有异常
04_0012-252_275.mp4,有异常
04_0012-264_287.mp4,有异常
04_0012-276_299.mp4,有异常
04_0012-288_311.mp4,有异常
04_0012-300_323.mp4,有异常
04_0012-312_335.mp4,有异常
04_0012-324_347.mp4,有异常
04_0012-336_359.mp4,有异常
04_0013-000_023.mp4,没有异常
04_0013-012_035.mp4,没有异常
04_0013-024_047.mp4,没有异常
04_0013-036_059.mp4,没有异常
04_0013-048_071.mp4,有异常
04_0013-060_083.mp4,有异常
04_0013-072_095.mp4,有异常
04_0013-084_107.mp4,有异常
04_0013-096_119.mp4,有异常
04_0013-108_131.mp4,有异常
04_0013-120_143.mp4,有异常
04_0013-132_155.mp4,有异常
04_0013-144_167.mp4,有异常
04_0013-156_179.mp4,有异常
04_0013-168_191.mp4,有异常
04_0013-180_203.mp4,有异常
04_0013-192_215.mp4,有异常
04_0013-204_227.mp4,有异常
04_0013-216_239.mp4,有异常
04_0013-228_251.mp4,有异常
04_0013-240_263.mp4,有异常
04_0013-252_275.mp4,有异常
04_0013-264_287.mp4,有异常
04_0013-276_299.mp4,没有异常
04_0013-288_311.mp4,没有异常
04_0013-300_323.mp4,没有异常
04_0013-312_335.mp4,没有异常
04_0013-324_347.mp4,没有异常
04_0013-336_359.mp4,没有异常
04_0046-000_023.mp4,没有异常
04_0046-012_035.mp4,没有异常
04_0046-024_047.mp4,没有异常
04_0046-036_059.mp4,没有异常
04_0046-048_071.mp4,没有异常
04_0046-060_083.mp4,没有异常
04_0046-072_095.mp4,没有异常
04_0046-084_107.mp4,没有异常
04_0046-096_119.mp4,没有异常
04_0046-108_131.mp4,没有异常
04_0046-120_143.mp4,没有异常
04_0046-132_155.mp4,没有异常
04_0046-144_167.mp4,有异常
04_0046-156_179.mp4,有异常
04_0046-168_191.mp4,有异常
04_0046-180_203.mp4,有异常
04_0046-192_215.mp4,有异常
04_0046-204_227.mp4,有异常
04_0046-216_239.mp4,有异常
04_0046-228_251.mp4,有异常
04_0046-240_263.mp4,有异常
04_0046-252_275.mp4,有异常
04_0046-264_287.mp4,有异常
04_0046-276_299.mp4,有异常
04_0046-288_311.mp4,有异常
04_0046-300_323.mp4,有异常
04_0046-312_335.mp4,有异常
04_0046-324_347.mp4,有异常
04_0046-336_359.mp4,有异常
04_0046-348_371.mp4,没有异常
04_0046-360_383.mp4,没有异常
04_0046-372_395.mp4,没有异常
04_0046-384_407.mp4,没有异常
04_0046-396_419.mp4,没有异常
04_0046-408_431.mp4,没有异常
04_0046-420_443.mp4,没有异常
04_0046-432_455.mp4,没有异常
04_0046-444_467.mp4,没有异常
04_0046-456_479.mp4,没有异常
04_0046-468_491.mp4,没有异常
04_0046-480_503.mp4,没有异常
04_0046-492_515.mp4,没有异常
04_0046-504_527.mp4,没有异常
04_0050-000_023.mp4,没有异常
04_0050-012_035.mp4,没有异常
04_0050-024_047.mp4,没有异常
04_0050-036_059.mp4,没有异常
04_0050-048_071.mp4,没有异常
04_0050-060_083.mp4,没有异常
04_0050-072_095.mp4,没有异常
04_0050-084_107.mp4,没有异常
04_0050-096_119.mp4,没有异常
04_0050-108_131.mp4,没有异常
04_0050-120_143.mp4,有异常
04_0050-132_155.mp4,有异常
04_0050-144_167.mp4,有异常
04_0050-156_179.mp4,有异常
04_0050-168_191.mp4,有异常
04_0050-180_203.mp4,有异常
04_0050-192_215.mp4,有异常
04_0050-204_227.mp4,有异常
04_0050-216_239.mp4,有异常
04_0050-228_251.mp4,没有异常
04_0050-240_263.mp4,没有异常
04_0050-252_275.mp4,没有异常
04_0050-264_287.mp4,没有异常
04_0050-276_299.mp4,没有异常
04_0050-288_311.mp4,没有异常
04_0050-300_323.mp4,没有异常
04_0050-312_335.mp4,没有异常
05_0017-000_023.mp4,没有异常
05_0017-012_035.mp4,没有异常
05_0017-024_047.mp4,没有异常
05_0017-036_059.mp4,没有异常
05_0017-048_071.mp4,没有异常
05_0017-060_083.mp4,没有异常
05_0017-072_095.mp4,没有异常
05_0017-084_107.mp4,没有异常
05_0017-096_119.mp4,没有异常
05_0017-108_131.mp4,没有异常
05_0017-120_143.mp4,没有异常
05_0017-132_155.mp4,没有异常
05_0017-144_167.mp4,没有异常
05_0017-156_179.mp4,没有异常
05_0017-168_191.mp4,没有异常
05_0017-180_203.mp4,没有异常
05_0017-192_215.mp4,没有异常
05_0017-204_227.mp4,没有异常
05_0017-216_239.mp4,没有异常
05_0017-228_251.mp4,没有异常
05_0017-240_263.mp4,没有异常
05_0017-252_275.mp4,没有异常
05_0017-264_287.mp4,有异常
05_0017-276_299.mp4,有异常
05_0017-288_311.mp4,有异常
05_0017-300_323.mp4,有异常
05_0017-312_335.mp4,有异常
05_0017-324_347.mp4,有异常
05_0017-336_359.mp4,有异常
05_0017-348_371.mp4,有异常
05_0017-360_383.mp4,有异常
05_0017-372_395.mp4,有异常
05_0017-384_407.mp4,有异常
05_0017-396_419.mp4,有异常
05_0017-408_431.mp4,有异常
05_0018-000_023.mp4,没有异常
05_0018-012_035.mp4,没有异常
05_0018-024_047.mp4,没有异常
05_0018-036_059.mp4,没有异常
05_0018-048_071.mp4,没有异常
05_0018-060_083.mp4,没有异常
05_0018-072_095.mp4,没有异常
05_0018-084_107.mp4,没有异常
05_0018-096_119.mp4,没有异常
05_0018-108_131.mp4,没有异常
05_0018-120_143.mp4,没有异常
05_0018-132_155.mp4,有异常
05_0018-144_167.mp4,有异常
05_0018-156_179.mp4,有异常
05_0018-168_191.mp4,有异常
05_0018-180_203.mp4,有异常
05_0018-192_215.mp4,有异常
05_0018-204_227.mp4,有异常
05_0018-216_239.mp4,有异常
05_0018-228_251.mp4,没有异常
05_0018-240_263.mp4,没有异常
05_0018-252_275.mp4,没有异常
05_0018-264_287.mp4,没有异常
05_0018-276_299.mp4,没有异常
05_0018-288_311.mp4,没有异常
05_0018-300_323.mp4,没有异常
05_0018-312_335.mp4,没有异常
05_0018-324_347.mp4,没有异常
05_0018-336_359.mp4,没有异常
05_0018-348_371.mp4,没有异常
05_0018-360_383.mp4,没有异常
05_0018-372_395.mp4,没有异常
05_0018-384_407.mp4,没有异常
05_0018-396_419.mp4,没有异常
05_0018-408_431.mp4,没有异常
05_0018-420_443.mp4,没有异常
05_0018-432_455.mp4,没有异常
05_0018-444_467.mp4,没有异常
05_0018-456_479.mp4,没有异常
05_0019-000_023.mp4,没有异常
05_0019-012_035.mp4,没有异常
05_0019-024_047.mp4,没有异常
05_0019-036_059.mp4,没有异常
05_0019-048_071.mp4,没有异常
05_0019-060_083.mp4,没有异常
05_0019-072_095.mp4,没有异常
05_0019-084_107.mp4,没有异常
05_0019-096_119.mp4,没有异常
05_0019-108_131.mp4,没有异常
05_0019-120_143.mp4,没有异常
05_0019-132_155.mp4,没有异常
05_0019-144_167.mp4,没有异常
05_0019-156_179.mp4,没有异常
05_0019-168_191.mp4,没有异常
05_0019-180_203.mp4,没有异常
05_0019-192_215.mp4,没有异常
05_0019-204_227.mp4,没有异常
05_0019-216_239.mp4,没有异常
05_0019-228_251.mp4,有异常
05_0019-240_263.mp4,有异常
05_0019-252_275.mp4,有异常
05_0019-264_287.mp4,有异常
05_0019-276_299.mp4,有异常
05_0019-288_311.mp4,有异常
05_0019-300_323.mp4,有异常
05_0019-312_335.mp4,有异常
05_0019-324_347.mp4,有异常
05_0019-336_359.mp4,有异常
05_0019-348_371.mp4,有异常
05_0019-360_383.mp4,有异常
05_0019-372_395.mp4,有异常
05_0019-384_407.mp4,有异常
05_0019-396_419.mp4,有异常
05_0019-408_431.mp4,没有异常
05_0019-420_443.mp4,没有异常
05_0019-432_455.mp4,没有异常
05_0019-444_467.mp4,没有异常
05_0019-456_479.mp4,没有异常
05_0019-468_491.mp4,没有异常
05_0019-480_503.mp4,没有异常
05_0019-492_515.mp4,没有异常
05_0019-504_527.mp4,没有异常
05_0019-516_539.mp4,没有异常
05_0019-528_551.mp4,没有异常
05_0019-540_563.mp4,没有异常
05_0019-552_575.mp4,没有异常
05_0019-564_587.mp4,没有异常
05_0019-576_599.mp4,没有异常
05_0019-588_611.mp4,没有异常
05_0019-600_623.mp4,没有异常
05_0019-612_635.mp4,没有异常
05_0019-624_647.mp4,没有异常
05_0020-000_023.mp4,没有异常
05_0020-012_035.mp4,没有异常
05_0020-024_047.mp4,没有异常
05_0020-036_059.mp4,没有异常
05_0020-048_071.mp4,没有异常
05_0020-060_083.mp4,没有异常
05_0020-072_095.mp4,没有异常
05_0020-084_107.mp4,没有异常
05_0020-096_119.mp4,没有异常
05_0020-108_131.mp4,没有异常
05_0020-120_143.mp4,没有异常
05_0020-132_155.mp4,没有异常
05_0020-144_167.mp4,没有异常
05_0020-156_179.mp4,没有异常
05_0020-168_191.mp4,没有异常
05_0020-180_203.mp4,没有异常
05_0020-192_215.mp4,没有异常
05_0020-204_227.mp4,没有异常
05_0020-216_239.mp4,没有异常
05_0020-228_251.mp4,没有异常
05_0020-240_263.mp4,没有异常
05_0020-252_275.mp4,没有异常
05_0020-264_287.mp4,没有异常
05_0020-276_299.mp4,没有异常
05_0020-288_311.mp4,没有异常
05_0020-300_323.mp4,没有异常
05_0020-312_335.mp4,没有异常
05_0020-324_347.mp4,没有异常
05_0020-336_359.mp4,没有异常
05_0020-348_371.mp4,没有异常
05_0020-360_383.mp4,没有异常
05_0020-372_395.mp4,没有异常
05_0020-384_407.mp4,没有异常
05_0020-396_419.mp4,没有异常
05_0020-408_431.mp4,有异常
05_0020-420_443.mp4,有异常
05_0020-432_455.mp4,有异常
05_0020-444_467.mp4,有异常
05_0020-456_479.mp4,有异常
05_0020-468_491.mp4,有异常
05_0020-480_503.mp4,没有异常
05_0020-492_515.mp4,没有异常
05_0020-504_527.mp4,没有异常
05_0020-516_539.mp4,没有异常
05_0020-528_551.mp4,没有异常
05_0020-540_563.mp4,没有异常
05_0020-552_575.mp4,没有异常
05_0020-564_587.mp4,没有异常
05_0020-576_599.mp4,没有异常
05_0020-588_611.mp4,没有异常
05_0020-600_623.mp4,没有异常
05_0020-612_635.mp4,没有异常
05_0020-624_647.mp4,没有异常
05_0021-000_023.mp4,没有异常
05_0021-012_035.mp4,没有异常
05_0021-024_047.mp4,没有异常
05_0021-036_059.mp4,没有异常
05_0021-048_071.mp4,没有异常
05_0021-060_083.mp4,没有异常
05_0021-072_095.mp4,没有异常
05_0021-084_107.mp4,没有异常
05_0021-096_119.mp4,没有异常
05_0021-108_131.mp4,没有异常
05_0021-120_143.mp4,没有异常
05_0021-132_155.mp4,有异常
05_0021-144_167.mp4,有异常
05_0021-156_179.mp4,有异常
05_0021-168_191.mp4,有异常
05_0021-180_203.mp4,有异常
05_0021-192_215.mp4,有异常
05_0021-204_227.mp4,有异常
05_0021-216_239.mp4,有异常
05_0021-228_251.mp4,有异常
05_0021-240_263.mp4,没有异常
05_0021-252_275.mp4,没有异常
05_0021-264_287.mp4,没有异常
05_0021-276_299.mp4,没有异常
05_0021-288_311.mp4,没有异常
05_0021-300_323.mp4,没有异常
05_0021-312_335.mp4,没有异常
05_0021-324_347.mp4,没有异常
05_0021-336_359.mp4,没有异常
05_0021-348_371.mp4,没有异常
05_0021-360_383.mp4,没有异常
05_0021-372_395.mp4,没有异常
05_0021-384_407.mp4,没有异常
05_0022-000_023.mp4,没有异常
05_0022-012_035.mp4,没有异常
05_0022-024_047.mp4,没有异常
05_0022-036_059.mp4,没有异常
05_0022-048_071.mp4,没有异常
05_0022-060_083.mp4,没有异常
05_0022-072_095.mp4,没有异常
05_0022-084_107.mp4,没有异常
05_0022-096_119.mp4,没有异常
05_0022-108_131.mp4,没有异常
05_0022-120_143.mp4,没有异常
05_0022-132_155.mp4,没有异常
05_0022-144_167.mp4,没有异常
05_0022-156_179.mp4,没有异常
05_0022-168_191.mp4,没有异常
05_0022-180_203.mp4,没有异常
05_0022-192_215.mp4,没有异常
05_0022-204_227.mp4,有异常
05_0022-216_239.mp4,有异常
05_0022-228_251.mp4,有异常
05_0022-240_263.mp4,有异常
05_0022-252_275.mp4,有异常
05_0022-264_287.mp4,有异常
05_0022-276_299.mp4,有异常
05_0022-288_311.mp4,有异常
05_0022-300_323.mp4,有异常
05_0022-312_335.mp4,有异常
05_0023-000_023.mp4,没有异常
05_0023-012_035.mp4,没有异常
05_0023-024_047.mp4,没有异常
05_0023-036_059.mp4,没有异常
05_0023-048_071.mp4,没有异常
05_0023-060_083.mp4,没有异常
05_0023-072_095.mp4,没有异常
05_0023-084_107.mp4,没有异常
05_0023-096_119.mp4,没有异常
05_0023-108_131.mp4,没有异常
05_0023-120_143.mp4,没有异常
05_0023-132_155.mp4,没有异常
05_0023-144_167.mp4,没有异常
05_0023-156_179.mp4,有异常
05_0023-168_191.mp4,有异常
05_0023-180_203.mp4,有异常
05_0023-192_215.mp4,有异常
05_0023-204_227.mp4,有异常
05_0023-216_239.mp4,有异常
05_0023-228_251.mp4,有异常
05_0023-240_263.mp4,有异常
05_0023-252_275.mp4,有异常
05_0023-264_287.mp4,有异常
05_0023-276_299.mp4,没有异常
05_0023-288_311.mp4,没有异常
05_0023-300_323.mp4,没有异常
05_0023-312_335.mp4,没有异常
05_0023-324_347.mp4,有异常
05_0023-336_359.mp4,有异常
05_0023-348_371.mp4,有异常
05_0023-360_383.mp4,有异常
05_0023-372_395.mp4,有异常
05_0023-384_407.mp4,有异常
05_0023-396_419.mp4,有异常
05_0023-408_431.mp4,有异常
05_0023-420_443.mp4,有异常
05_0023-432_455.mp4,有异常
05_0023-444_467.mp4,没有异常
05_0023-456_479.mp4,没有异常
05_0023-468_491.mp4,没有异常
05_0023-480_503.mp4,没有异常
05_0023-492_515.mp4,没有异常
05_0023-504_527.mp4,有异常
05_0023-516_539.mp4,有异常
05_0023-528_551.mp4,有异常
05_0023-540_563.mp4,有异常
05_0023-552_575.mp4,有异常
05_0023-564_587.mp4,有异常
05_0023-576_599.mp4,有异常
05_0023-588_611.mp4,有异常
05_0023-600_623.mp4,没有异常
05_0023-612_635.mp4,没有异常
05_0023-624_647.mp4,没有异常
05_0023-636_659.mp4,没有异常
05_0023-648_671.mp4,没有异常
05_0023-660_683.mp4,没有异常
05_0023-672_695.mp4,没有异常
05_0023-684_707.mp4,没有异常
05_0023-696_719.mp4,没有异常
05_0023-708_731.mp4,没有异常
05_0023-720_743.mp4,没有异常
05_0023-732_755.mp4,没有异常
05_0023-744_767.mp4,没有异常
05_0024-000_023.mp4,没有异常
05_0024-012_035.mp4,没有异常
05_0024-024_047.mp4,没有异常
05_0024-036_059.mp4,有异常
05_0024-048_071.mp4,有异常
05_0024-060_083.mp4,有异常
05_0024-072_095.mp4,有异常
05_0024-084_107.mp4,有异常
05_0024-096_119.mp4,有异常
05_0024-108_131.mp4,有异常
05_0024-120_143.mp4,有异常
05_0024-132_155.mp4,有异常
05_0024-144_167.mp4,有异常
05_0024-156_179.mp4,有异常
05_0024-168_191.mp4,有异常
05_0024-180_203.mp4,有异常
05_0024-192_215.mp4,没有异常
05_0024-204_227.mp4,没有异常
05_0024-216_239.mp4,没有异常
05_0024-228_251.mp4,没有异常
05_0024-240_263.mp4,没有异常
05_0024-252_275.mp4,没有异常
05_0024-264_287.mp4,没有异常
05_0024-276_299.mp4,没有异常
05_0024-288_311.mp4,没有异常
05_0024-300_323.mp4,没有异常
05_0024-312_335.mp4,没有异常
05_0024-324_347.mp4,没有异常
05_0024-336_359.mp4,没有异常
05_0024-348_371.mp4,没有异常
05_0024-360_383.mp4,没有异常
05_0024-372_395.mp4,没有异常
05_0024-384_407.mp4,没有异常
05_0024-396_419.mp4,没有异常
05_0024-408_431.mp4,没有异常
06_0144-000_023.mp4,没有异常
06_0144-012_035.mp4,没有异常
06_0144-024_047.mp4,没有异常
06_0144-036_059.mp4,有异常
06_0144-048_071.mp4,有异常
06_0144-060_083.mp4,有异常
06_0144-072_095.mp4,有异常
06_0144-084_107.mp4,有异常
06_0144-096_119.mp4,有异常
06_0144-108_131.mp4,有异常
06_0144-120_143.mp4,有异常
06_0144-132_155.mp4,有异常
06_0144-144_167.mp4,有异常
06_0144-156_179.mp4,有异常
06_0144-168_191.mp4,有异常
06_0144-180_203.mp4,有异常
06_0144-192_215.mp4,有异常
06_0144-204_227.mp4,没有异常
06_0144-216_239.mp4,没有异常
06_0145-000_023.mp4,有异常
06_0145-012_035.mp4,有异常
06_0145-024_047.mp4,有异常
06_0145-036_059.mp4,有异常
06_0145-048_071.mp4,有异常
06_0145-060_083.mp4,有异常
06_0145-072_095.mp4,有异常
06_0145-084_107.mp4,有异常
06_0145-096_119.mp4,有异常
06_0145-108_131.mp4,有异常
06_0145-120_143.mp4,有异常
06_0145-132_155.mp4,有异常
06_0145-144_167.mp4,有异常
06_0145-156_179.mp4,有异常
06_0145-168_191.mp4,有异常
06_0145-180_203.mp4,有异常
06_0145-192_215.mp4,没有异常
06_0147-000_023.mp4,没有异常
06_0147-012_035.mp4,没有异常
06_0147-024_047.mp4,没有异常
06_0147-036_059.mp4,没有异常
06_0147-048_071.mp4,没有异常
06_0147-060_083.mp4,没有异常
06_0147-072_095.mp4,没有异常
06_0147-084_107.mp4,没有异常
06_0147-096_119.mp4,没有异常
06_0147-108_131.mp4,没有异常
06_0147-120_143.mp4,有异常
06_0147-132_155.mp4,有异常
06_0147-144_167.mp4,有异常
06_0147-156_179.mp4,有异常
06_0147-168_191.mp4,有异常
06_0147-180_203.mp4,有异常
06_0147-192_215.mp4,有异常
06_0147-204_227.mp4,有异常
06_0147-216_239.mp4,有异常
06_0147-228_251.mp4,没有异常
06_0147-240_263.mp4,没有异常
06_0150-000_023.mp4,没有异常
06_0150-012_035.mp4,有异常
06_0150-024_047.mp4,有异常
06_0150-036_059.mp4,有异常
06_0150-048_071.mp4,有异常
06_0150-060_083.mp4,有异常
06_0150-072_095.mp4,有异常
06_0150-084_107.mp4,有异常
06_0150-096_119.mp4,有异常
06_0150-108_131.mp4,有异常
06_0150-120_143.mp4,有异常
06_0150-132_155.mp4,有异常
06_0150-144_167.mp4,有异常
06_0150-156_179.mp4,有异常
06_0150-168_191.mp4,有异常
06_0150-180_203.mp4,有异常
06_0150-192_215.mp4,没有异常
06_0150-204_227.mp4,没有异常
06_0150-216_239.mp4,没有异常
06_0150-228_251.mp4,没有异常
06_0150-240_263.mp4,没有异常
06_0153-000_023.mp4,没有异常
06_0153-012_035.mp4,没有异常
06_0153-024_047.mp4,没有异常
06_0153-036_059.mp4,没有异常
06_0153-048_071.mp4,没有异常
06_0153-060_083.mp4,没有异常
06_0153-072_095.mp4,没有异常
06_0153-084_107.mp4,没有异常
06_0153-096_119.mp4,有异常
06_0153-108_131.mp4,有异常
06_0153-120_143.mp4,有异常
06_0153-132_155.mp4,有异常
06_0153-144_167.mp4,有异常
06_0153-156_179.mp4,有异常
06_0153-168_191.mp4,有异常
06_0153-180_203.mp4,有异常
06_0153-192_215.mp4,没有异常
06_0155-000_023.mp4,没有异常
06_0155-012_035.mp4,没有异常
06_0155-024_047.mp4,没有异常
06_0155-036_059.mp4,没有异常
06_0155-048_071.mp4,没有异常
06_0155-060_083.mp4,没有异常
06_0155-072_095.mp4,没有异常
06_0155-084_107.mp4,有异常
06_0155-096_119.mp4,有异常
06_0155-108_131.mp4,有异常
06_0155-120_143.mp4,有异常
06_0155-132_155.mp4,有异常
06_0155-144_167.mp4,有异常
06_0155-156_179.mp4,有异常
06_0155-168_191.mp4,有异常
06_0155-180_203.mp4,有异常
06_0155-192_215.mp4,有异常
06_0155-204_227.mp4,没有异常
06_0155-216_239.mp4,没有异常
06_0155-228_251.mp4,没有异常
06_0155-240_263.mp4,没有异常
07_0005-000_023.mp4,没有异常
07_0005-012_035.mp4,没有异常
07_0005-024_047.mp4,没有异常
07_0005-036_059.mp4,没有异常
07_0005-048_071.mp4,没有异常
07_0005-060_083.mp4,没有异常
07_0005-072_095.mp4,没有异常
07_0005-084_107.mp4,没有异常
07_0005-096_119.mp4,没有异常
07_0005-108_131.mp4,没有异常
07_0005-120_143.mp4,有异常
07_0005-132_155.mp4,有异常
07_0005-144_167.mp4,有异常
07_0005-156_179.mp4,有异常
07_0005-168_191.mp4,有异常
07_0005-180_203.mp4,有异常
07_0005-192_215.mp4,有异常
07_0005-204_227.mp4,没有异常
07_0005-216_239.mp4,没有异常
07_0005-228_251.mp4,没有异常
07_0005-240_263.mp4,没有异常
07_0005-252_275.mp4,没有异常
07_0005-264_287.mp4,没有异常
07_0005-276_299.mp4,没有异常
07_0005-288_311.mp4,没有异常
07_0005-300_323.mp4,没有异常
07_0005-312_335.mp4,没有异常
07_0005-324_347.mp4,没有异常
07_0005-336_359.mp4,没有异常
07_0005-348_371.mp4,没有异常
07_0005-360_383.mp4,没有异常
07_0005-372_395.mp4,没有异常
07_0005-384_407.mp4,没有异常
07_0006-000_023.mp4,没有异常
07_0006-012_035.mp4,没有异常
07_0006-024_047.mp4,没有异常
07_0006-036_059.mp4,没有异常
07_0006-048_071.mp4,没有异常
07_0006-060_083.mp4,没有异常
07_0006-072_095.mp4,没有异常
07_0006-084_107.mp4,没有异常
07_0006-096_119.mp4,没有异常
07_0006-108_131.mp4,没有异常
07_0006-120_143.mp4,没有异常
07_0006-132_155.mp4,没有异常
07_0006-144_167.mp4,有异常
07_0006-156_179.mp4,有异常
07_0006-168_191.mp4,有异常
07_0006-180_203.mp4,有异常
07_0006-192_215.mp4,有异常
07_0006-204_227.mp4,有异常
07_0006-216_239.mp4,有异常
07_0006-228_251.mp4,有异常
07_0006-240_263.mp4,有异常
07_0006-252_275.mp4,有异常
07_0006-264_287.mp4,没有异常
07_0006-276_299.mp4,没有异常
07_0006-288_311.mp4,没有异常
07_0006-300_323.mp4,没有异常
07_0006-312_335.mp4,没有异常
07_0006-324_347.mp4,没有异常
07_0006-336_359.mp4,没有异常
07_0006-348_371.mp4,没有异常
07_0006-360_383.mp4,没有异常
07_0007-000_023.mp4,没有异常
07_0007-012_035.mp4,没有异常
07_0007-024_047.mp4,没有异常
07_0007-036_059.mp4,没有异常
07_0007-048_071.mp4,没有异常
07_0007-060_083.mp4,没有异常
07_0007-072_095.mp4,没有异常
07_0007-084_107.mp4,没有异常
07_0007-096_119.mp4,没有异常
07_0007-108_131.mp4,有异常
07_0007-120_143.mp4,有异常
07_0007-132_155.mp4,有异常
07_0007-144_167.mp4,有异常
07_0007-156_179.mp4,有异常
07_0007-168_191.mp4,有异常
07_0007-180_203.mp4,有异常
07_0007-192_215.mp4,没有异常
07_0007-204_227.mp4,没有异常
07_0007-216_239.mp4,没有异常
07_0007-228_251.mp4,没有异常
07_0007-240_263.mp4,没有异常
07_0007-252_275.mp4,没有异常
07_0007-264_287.mp4,没有异常
07_0007-276_299.mp4,没有异常
07_0007-288_311.mp4,没有异常
07_0007-300_323.mp4,有异常
07_0007-312_335.mp4,有异常
07_0007-324_347.mp4,有异常
07_0007-336_359.mp4,有异常
07_0007-348_371.mp4,有异常
07_0007-360_383.mp4,没有异常
07_0007-372_395.mp4,没有异常
07_0007-384_407.mp4,没有异常
07_0007-396_419.mp4,没有异常
07_0007-408_431.mp4,没有异常
07_0007-420_443.mp4,没有异常
07_0007-432_455.mp4,没有异常
07_0007-444_467.mp4,没有异常
07_0007-456_479.mp4,没有异常
07_0008-000_023.mp4,没有异常
07_0008-012_035.mp4,没有异常
07_0008-024_047.mp4,没有异常
07_0008-036_059.mp4,没有异常
07_0008-048_071.mp4,没有异常
07_0008-060_083.mp4,没有异常
07_0008-072_095.mp4,没有异常
07_0008-084_107.mp4,没有异常
07_0008-096_119.mp4,没有异常
07_0008-108_131.mp4,没有异常
07_0008-120_143.mp4,没有异常
07_0008-132_155.mp4,没有异常
07_0008-144_167.mp4,没有异常
07_0008-156_179.mp4,有异常
07_0008-168_191.mp4,有异常
07_0008-180_203.mp4,有异常
07_0008-192_215.mp4,有异常
07_0008-204_227.mp4,有异常
07_0008-216_239.mp4,有异常
07_0008-228_251.mp4,有异常
07_0008-240_263.mp4,有异常
07_0008-252_275.mp4,有异常
07_0008-264_287.mp4,有异常
07_0008-276_299.mp4,有异常
07_0008-288_311.mp4,有异常
07_0008-300_323.mp4,有异常
07_0008-312_335.mp4,有异常
07_0008-324_347.mp4,有异常
07_0008-336_359.mp4,有异常
07_0008-348_371.mp4,有异常
07_0008-360_383.mp4,有异常
07_0008-372_395.mp4,没有异常
07_0008-384_407.mp4,没有异常
07_0008-396_419.mp4,没有异常
07_0008-408_431.mp4,没有异常
07_0008-420_443.mp4,没有异常
07_0008-432_455.mp4,没有异常
07_0009-000_023.mp4,没有异常
07_0009-012_035.mp4,没有异常
07_0009-024_047.mp4,没有异常
07_0009-036_059.mp4,没有异常
07_0009-048_071.mp4,没有异常
07_0009-060_083.mp4,没有异常
07_0009-072_095.mp4,没有异常
07_0009-084_107.mp4,没有异常
07_0009-096_119.mp4,有异常
07_0009-108_131.mp4,有异常
07_0009-120_143.mp4,有异常
07_0009-132_155.mp4,有异常
07_0009-144_167.mp4,有异常
07_0009-156_179.mp4,有异常
07_0009-168_191.mp4,有异常
07_0009-180_203.mp4,有异常
07_0009-192_215.mp4,有异常
07_0009-204_227.mp4,没有异常
07_0009-216_239.mp4,没有异常
07_0009-228_251.mp4,没有异常
07_0009-240_263.mp4,没有异常
07_0009-252_275.mp4,没有异常
07_0009-264_287.mp4,没有异常
07_0009-276_299.mp4,没有异常
07_0009-288_311.mp4,没有异常
07_0047-000_023.mp4,没有异常
07_0047-012_035.mp4,没有异常
07_0047-024_047.mp4,没有异常
07_0047-036_059.mp4,没有异常
07_0047-048_071.mp4,没有异常
07_0047-060_083.mp4,没有异常
07_0047-072_095.mp4,没有异常
07_0047-084_107.mp4,没有异常
07_0047-096_119.mp4,没有异常
07_0047-108_131.mp4,没有异常
07_0047-120_143.mp4,没有异常
07_0047-132_155.mp4,没有异常
07_0047-144_167.mp4,没有异常
07_0047-156_179.mp4,有异常
07_0047-168_191.mp4,有异常
07_0047-180_203.mp4,有异常
07_0047-192_215.mp4,有异常
07_0047-204_227.mp4,有异常
07_0047-216_239.mp4,有异常
07_0047-228_251.mp4,有异常
07_0047-240_263.mp4,有异常
07_0047-252_275.mp4,有异常
07_0047-264_287.mp4,有异常
07_0047-276_299.mp4,有异常
07_0047-288_311.mp4,有异常
07_0047-300_323.mp4,有异常
07_0047-312_335.mp4,有异常
07_0047-324_347.mp4,有异常
07_0047-336_359.mp4,有异常
07_0047-348_371.mp4,有异常
07_0047-360_383.mp4,有异常
07_0047-372_395.mp4,有异常
07_0047-384_407.mp4,没有异常
07_0047-396_419.mp4,没有异常
07_0047-408_431.mp4,没有异常
07_0047-420_443.mp4,没有异常
07_0047-432_455.mp4,没有异常
07_0047-444_467.mp4,没有异常
07_0047-456_479.mp4,没有异常
07_0047-468_491.mp4,没有异常
07_0047-480_503.mp4,没有异常
07_0047-492_515.mp4,没有异常
07_0047-504_527.mp4,没有异常
07_0047-516_539.mp4,没有异常
07_0047-528_551.mp4,没有异常
07_0047-540_563.mp4,没有异常
07_0047-552_575.mp4,没有异常
07_0047-564_587.mp4,没有异常
07_0047-576_599.mp4,没有异常
07_0048-000_023.mp4,没有异常
07_0048-012_035.mp4,没有异常
07_0048-024_047.mp4,没有异常
07_0048-036_059.mp4,没有异常
07_0048-048_071.mp4,没有异常
07_0048-060_083.mp4,没有异常
07_0048-072_095.mp4,没有异常
07_0048-084_107.mp4,没有异常
07_0048-096_119.mp4,没有异常
07_0048-108_131.mp4,没有异常
07_0048-120_143.mp4,没有异常
07_0048-132_155.mp4,没有异常
07_0048-144_167.mp4,没有异常
07_0048-156_179.mp4,没有异常
07_0048-168_191.mp4,有异常
07_0048-180_203.mp4,有异常
07_0048-192_215.mp4,有异常
07_0048-204_227.mp4,有异常
07_0048-216_239.mp4,有异常
07_0049-000_023.mp4,没有异常
07_0049-012_035.mp4,没有异常
07_0049-024_047.mp4,没有异常
07_0049-036_059.mp4,没有异常
07_0049-048_071.mp4,没有异常
07_0049-060_083.mp4,没有异常
07_0049-072_095.mp4,没有异常
07_0049-084_107.mp4,没有异常
07_0049-096_119.mp4,没有异常
07_0049-108_131.mp4,没有异常
07_0049-120_143.mp4,没有异常
07_0049-132_155.mp4,没有异常
07_0049-144_167.mp4,没有异常
07_0049-156_179.mp4,没有异常
07_0049-168_191.mp4,没有异常
07_0049-180_203.mp4,没有异常
07_0049-192_215.mp4,没有异常
07_0049-204_227.mp4,没有异常
07_0049-216_239.mp4,有异常
07_0049-228_251.mp4,有异常
07_0049-240_263.mp4,有异常
07_0049-252_275.mp4,有异常
07_0049-264_287.mp4,有异常
07_0049-276_299.mp4,有异常
07_0049-288_311.mp4,有异常
07_0049-300_323.mp4,有异常
07_0049-312_335.mp4,有异常
07_0049-324_347.mp4,有异常
07_0049-336_359.mp4,有异常
07_0049-348_371.mp4,没有异常
07_0049-360_383.mp4,没有异常
07_0049-372_395.mp4,没有异常
07_0049-384_407.mp4,没有异常
07_0049-396_419.mp4,没有异常
07_0049-408_431.mp4,没有异常
07_0049-420_443.mp4,没有异常
07_0049-432_455.mp4,没有异常
07_0049-444_467.mp4,没有异常
07_0049-456_479.mp4,没有异常
08_0044-000_023.mp4,没有异常
08_0044-012_035.mp4,没有异常
08_0044-024_047.mp4,没有异常
08_0044-036_059.mp4,没有异常
08_0044-048_071.mp4,没有异常
08_0044-060_083.mp4,没有异常
08_0044-072_095.mp4,没有异常
08_0044-084_107.mp4,没有异常
08_0044-096_119.mp4,没有异常
08_0044-108_131.mp4,没有异常
08_0044-120_143.mp4,有异常
08_0044-132_155.mp4,有异常
08_0044-144_167.mp4,有异常
08_0044-156_179.mp4,有异常
08_0044-168_191.mp4,有异常
08_0044-180_203.mp4,有异常
08_0044-192_215.mp4,有异常
08_0044-204_227.mp4,有异常
08_0044-216_239.mp4,有异常
08_0044-228_251.mp4,有异常
08_0044-240_263.mp4,有异常
08_0044-252_275.mp4,有异常
08_0044-264_287.mp4,有异常
08_0044-276_299.mp4,有异常
08_0044-288_311.mp4,有异常
08_0058-000_023.mp4,有异常
08_0058-012_035.mp4,有异常
08_0058-024_047.mp4,有异常
08_0058-036_059.mp4,有异常
08_0058-048_071.mp4,有异常
08_0058-060_083.mp4,有异常
08_0058-072_095.mp4,有异常
08_0058-084_107.mp4,有异常
08_0058-096_119.mp4,有异常
08_0058-108_131.mp4,有异常
08_0058-120_143.mp4,有异常
08_0058-132_155.mp4,有异常
08_0058-144_167.mp4,有异常
08_0058-156_179.mp4,有异常
08_0058-168_191.mp4,有异常
08_0058-180_203.mp4,有异常
08_0058-192_215.mp4,有异常
08_0058-204_227.mp4,有异常
08_0058-216_239.mp4,有异常
08_0058-228_251.mp4,有异常
08_0058-240_263.mp4,有异常
08_0058-252_275.mp4,没有异常
08_0058-264_287.mp4,没有异常
08_0058-276_299.mp4,没有异常
08_0058-288_311.mp4,没有异常
08_0058-300_323.mp4,没有异常
08_0058-312_335.mp4,没有异常
08_0077-000_023.mp4,没有异常
08_0077-012_035.mp4,有异常
08_0077-024_047.mp4,有异常
08_0077-036_059.mp4,有异常
08_0077-048_071.mp4,有异常
08_0077-060_083.mp4,有异常
08_0077-072_095.mp4,有异常
08_0077-084_107.mp4,有异常
08_0077-096_119.mp4,有异常
08_0077-108_131.mp4,有异常
08_0077-120_143.mp4,有异常
08_0077-132_155.mp4,有异常
08_0077-144_167.mp4,有异常
08_0077-156_179.mp4,有异常
08_0077-168_191.mp4,有异常
08_0077-180_203.mp4,有异常
08_0077-192_215.mp4,有异常
08_0077-204_227.mp4,有异常
08_0077-216_239.mp4,有异常
08_0077-228_251.mp4,有异常
08_0077-240_263.mp4,有异常
08_0077-252_275.mp4,有异常
08_0077-264_287.mp4,有异常
08_0077-276_299.mp4,有异常
08_0077-288_311.mp4,有异常
08_0077-300_323.mp4,有异常
08_0077-312_335.mp4,有异常
08_0077-324_347.mp4,有异常
08_0077-336_359.mp4,没有异常
08_0077-348_371.mp4,有异常
08_0077-360_383.mp4,有异常
08_0077-372_395.mp4,有异常
08_0077-384_407.mp4,有异常
08_0077-396_419.mp4,有异常
08_0077-408_431.mp4,有异常
08_0077-420_443.mp4,有异常
08_0077-432_455.mp4,没有异常
08_0078-000_023.mp4,有异常
08_0078-012_035.mp4,有异常
08_0078-024_047.mp4,有异常
08_0078-036_059.mp4,有异常
08_0078-048_071.mp4,有异常
08_0078-060_083.mp4,有异常
08_0078-072_095.mp4,有异常
08_0078-084_107.mp4,有异常
08_0078-096_119.mp4,有异常
08_0078-108_131.mp4,有异常
08_0078-120_143.mp4,有异常
08_0078-132_155.mp4,有异常
08_0078-144_167.mp4,有异常
08_0078-156_179.mp4,有异常
08_0078-168_191.mp4,有异常
08_0078-180_203.mp4,没有异常
08_0078-192_215.mp4,没有异常
08_0079-000_023.mp4,没有异常
08_0079-012_035.mp4,没有异常
08_0079-024_047.mp4,没有异常
08_0079-036_059.mp4,没有异常
08_0079-048_071.mp4,有异常
08_0079-060_083.mp4,有异常
08_0079-072_095.mp4,有异常
08_0079-084_107.mp4,有异常
08_0079-096_119.mp4,有异常
08_0079-108_131.mp4,有异常
08_0079-120_143.mp4,有异常
08_0079-132_155.mp4,有异常
08_0079-144_167.mp4,有异常
08_0079-156_179.mp4,有异常
08_0079-168_191.mp4,没有异常
08_0079-180_203.mp4,没有异常
08_0079-192_215.mp4,没有异常
08_0079-204_227.mp4,没有异常
08_0079-216_239.mp4,没有异常
08_0080-000_023.mp4,有异常
08_0080-012_035.mp4,有异常
08_0080-024_047.mp4,有异常
08_0080-036_059.mp4,有异常
08_0080-048_071.mp4,有异常
08_0080-060_083.mp4,有异常
08_0080-072_095.mp4,有异常
08_0080-084_107.mp4,有异常
08_0080-096_119.mp4,有异常
08_0080-108_131.mp4,有异常
08_0080-120_143.mp4,有异常
08_0080-132_155.mp4,有异常
08_0080-144_167.mp4,有异常
08_0080-156_179.mp4,有异常
08_0080-168_191.mp4,有异常
08_0080-180_203.mp4,有异常
08_0080-192_215.mp4,有异常
08_0080-204_227.mp4,有异常
08_0080-216_239.mp4,没有异常
08_0080-228_251.mp4,没有异常
08_0080-240_263.mp4,没有异常
08_0080-252_275.mp4,没有异常
08_0080-264_287.mp4,没有异常
08_0156-000_023.mp4,没有异常
08_0156-012_035.mp4,没有异常
08_0156-024_047.mp4,没有异常
08_0156-036_059.mp4,没有异常
08_0156-048_071.mp4,没有异常
08_0156-060_083.mp4,没有异常
08_0156-072_095.mp4,没有异常
08_0156-084_107.mp4,有异常
08_0156-096_119.mp4,有异常
08_0156-108_131.mp4,有异常
08_0156-120_143.mp4,有异常
08_0156-132_155.mp4,有异常
08_0156-144_167.mp4,有异常
08_0156-156_179.mp4,有异常
08_0156-168_191.mp4,有异常
08_0156-180_203.mp4,有异常
08_0156-192_215.mp4,有异常
08_0156-204_227.mp4,没有异常
08_0156-216_239.mp4,没有异常
08_0156-228_251.mp4,没有异常
08_0156-240_263.mp4,没有异常
08_0156-252_275.mp4,没有异常
08_0156-264_287.mp4,没有异常
08_0156-276_299.mp4,没有异常
08_0156-288_311.mp4,没有异常
08_0156-300_323.mp4,没有异常
08_0156-312_335.mp4,没有异常
08_0157-000_023.mp4,没有异常
08_0157-012_035.mp4,没有异常
08_0157-024_047.mp4,没有异常
08_0157-036_059.mp4,没有异常
08_0157-048_071.mp4,没有异常
08_0157-060_083.mp4,没有异常
08_0157-072_095.mp4,没有异常
08_0157-084_107.mp4,没有异常
08_0157-096_119.mp4,没有异常
08_0157-108_131.mp4,没有异常
08_0157-120_143.mp4,有异常
08_0157-132_155.mp4,有异常
08_0157-144_167.mp4,有异常
08_0157-156_179.mp4,有异常
08_0157-168_191.mp4,有异常
08_0157-180_203.mp4,有异常
08_0157-192_215.mp4,有异常
08_0157-204_227.mp4,有异常
08_0157-216_239.mp4,有异常
08_0157-228_251.mp4,有异常
08_0157-240_263.mp4,有异常
08_0157-252_275.mp4,有异常
08_0157-264_287.mp4,有异常
08_0157-276_299.mp4,有异常
08_0157-288_311.mp4,没有异常
08_0158-000_023.mp4,没有异常
08_0158-012_035.mp4,没有异常
08_0158-024_047.mp4,没有异常
08_0158-036_059.mp4,没有异常
08_0158-048_071.mp4,没有异常
08_0158-060_083.mp4,没有异常
08_0158-072_095.mp4,有异常
08_0158-084_107.mp4,有异常
08_0158-096_119.mp4,有异常
08_0158-108_131.mp4,有异常
08_0158-120_143.mp4,有异常
08_0158-132_155.mp4,有异常
08_0158-144_167.mp4,有异常
08_0158-156_179.mp4,有异常
08_0158-168_191.mp4,有异常
08_0158-180_203.mp4,有异常
08_0158-192_215.mp4,有异常
08_0158-204_227.mp4,有异常
08_0158-216_239.mp4,有异常
08_0158-228_251.mp4,有异常
08_0158-240_263.mp4,有异常
08_0158-252_275.mp4,有异常
08_0158-264_287.mp4,没有异常
08_0158-276_299.mp4,没有异常
08_0158-288_311.mp4,没有异常
08_0158-300_323.mp4,没有异常
08_0158-312_335.mp4,没有异常
08_0159-000_023.mp4,没有异常
08_0159-012_035.mp4,没有异常
08_0159-024_047.mp4,没有异常
08_0159-036_059.mp4,没有异常
08_0159-048_071.mp4,没有异常
08_0159-060_083.mp4,没有异常
08_0159-072_095.mp4,没有异常
08_0159-084_107.mp4,有异常
08_0159-096_119.mp4,有异常
08_0159-108_131.mp4,有异常
08_0159-120_143.mp4,有异常
08_0159-132_155.mp4,有异常
08_0159-144_167.mp4,有异常
08_0159-156_179.mp4,有异常
08_0159-168_191.mp4,有异常
08_0159-180_203.mp4,有异常
08_0159-192_215.mp4,有异常
08_0159-204_227.mp4,有异常
08_0159-216_239.mp4,有异常
08_0159-228_251.mp4,有异常
08_0159-240_263.mp4,没有异常
08_0178-000_023.mp4,没有异常
08_0178-012_035.mp4,没有异常
08_0178-024_047.mp4,有异常
08_0178-036_059.mp4,有异常
08_0178-048_071.mp4,有异常
08_0178-060_083.mp4,有异常
08_0178-072_095.mp4,有异常
08_0178-084_107.mp4,有异常
08_0178-096_119.mp4,有异常
08_0178-108_131.mp4,有异常
08_0178-120_143.mp4,有异常
08_0178-132_155.mp4,有异常
08_0178-144_167.mp4,有异常
08_0178-156_179.mp4,有异常
08_0178-168_191.mp4,有异常
08_0178-180_203.mp4,没有异常
08_0178-192_215.mp4,没有异常
08_0178-204_227.mp4,没有异常
08_0178-216_239.mp4,没有异常
08_0178-228_251.mp4,没有异常
08_0178-240_263.mp4,没有异常
08_0179-000_023.mp4,没有异常
08_0179-012_035.mp4,有异常
08_0179-024_047.mp4,有异常
08_0179-036_059.mp4,有异常
08_0179-048_071.mp4,有异常
08_0179-060_083.mp4,有异常
08_0179-072_095.mp4,有异常
08_0179-084_107.mp4,有异常
08_0179-096_119.mp4,有异常
08_0179-108_131.mp4,有异常
08_0179-120_143.mp4,有异常
08_0179-132_155.mp4,有异常
08_0179-144_167.mp4,有异常
08_0179-156_179.mp4,有异常
08_0179-168_191.mp4,有异常
08_0179-180_203.mp4,有异常
08_0179-192_215.mp4,有异常
08_0179-204_227.mp4,有异常
08_0179-216_239.mp4,有异常
08_0179-228_251.mp4,有异常
08_0179-240_263.mp4,没有异常
08_0179-252_275.mp4,没有异常
08_0179-264_287.mp4,没有异常
08_0179-276_299.mp4,没有异常
08_0179-288_311.mp4,没有异常
08_0179-300_323.mp4,没有异常
08_0179-312_335.mp4,没有异常
09_0057-000_023.mp4,没有异常
09_0057-012_035.mp4,没有异常
09_0057-024_047.mp4,没有异常
09_0057-036_059.mp4,没有异常
09_0057-048_071.mp4,没有异常
09_0057-060_083.mp4,没有异常
09_0057-072_095.mp4,没有异常
09_0057-084_107.mp4,没有异常
09_0057-096_119.mp4,没有异常
09_0057-108_131.mp4,没有异常
09_0057-120_143.mp4,有异常
09_0057-132_155.mp4,有异常
09_0057-144_167.mp4,有异常
09_0057-156_179.mp4,有异常
09_0057-168_191.mp4,有异常
09_0057-180_203.mp4,有异常
09_0057-192_215.mp4,有异常
09_0057-204_227.mp4,有异常
09_0057-216_239.mp4,有异常
09_0057-228_251.mp4,没有异常
09_0057-240_263.mp4,没有异常
09_0057-252_275.mp4,没有异常
09_0057-264_287.mp4,没有异常
09_0057-276_299.mp4,没有异常
09_0057-288_311.mp4,没有异常
09_0057-300_323.mp4,没有异常
09_0057-312_335.mp4,没有异常
09_0057-324_347.mp4,没有异常
09_0057-336_359.mp4,没有异常
10_0037-000_023.mp4,没有异常
10_0037-012_035.mp4,没有异常
10_0037-024_047.mp4,没有异常
10_0037-036_059.mp4,没有异常
10_0037-048_071.mp4,没有异常
10_0037-060_083.mp4,没有异常
10_0037-072_095.mp4,没有异常
10_0037-084_107.mp4,没有异常
10_0037-096_119.mp4,没有异常
10_0037-108_131.mp4,有异常
10_0037-120_143.mp4,有异常
10_0037-132_155.mp4,有异常
10_0037-144_167.mp4,有异常
10_0037-156_179.mp4,有异常
10_0037-168_191.mp4,有异常
10_0037-180_203.mp4,有异常
10_0037-192_215.mp4,有异常
10_0037-204_227.mp4,有异常
10_0037-216_239.mp4,有异常
10_0037-228_251.mp4,有异常
10_0037-240_263.mp4,有异常
10_0037-252_275.mp4,有异常
10_0037-264_287.mp4,有异常
10_0037-276_299.mp4,有异常
10_0037-288_311.mp4,有异常
10_0037-300_323.mp4,有异常
10_0037-312_335.mp4,有异常
10_0037-324_347.mp4,有异常
10_0037-336_359.mp4,有异常
10_0037-348_371.mp4,有异常
10_0037-360_383.mp4,有异常
10_0037-372_395.mp4,有异常
10_0037-384_407.mp4,有异常
10_0037-396_419.mp4,有异常
10_0037-408_431.mp4,有异常
10_0038-000_023.mp4,有异常
10_0038-012_035.mp4,有异常
10_0038-024_047.mp4,有异常
10_0038-036_059.mp4,有异常
10_0038-048_071.mp4,有异常
10_0038-060_083.mp4,有异常
10_0038-072_095.mp4,有异常
10_0038-084_107.mp4,有异常
10_0038-096_119.mp4,有异常
10_0038-108_131.mp4,有异常
10_0038-120_143.mp4,有异常
10_0038-132_155.mp4,有异常
10_0038-144_167.mp4,有异常
10_0038-156_179.mp4,有异常
10_0038-168_191.mp4,有异常
10_0038-180_203.mp4,有异常
10_0038-192_215.mp4,有异常
10_0038-204_227.mp4,有异常
10_0038-216_239.mp4,有异常
10_0042-000_023.mp4,有异常
10_0042-012_035.mp4,有异常
10_0042-024_047.mp4,有异常
10_0042-036_059.mp4,有异常
10_0042-048_071.mp4,有异常
10_0042-060_083.mp4,有异常
10_0042-072_095.mp4,有异常
10_0042-084_107.mp4,有异常
10_0042-096_119.mp4,有异常
10_0042-108_131.mp4,有异常
10_0042-120_143.mp4,有异常
10_0042-132_155.mp4,有异常
10_0042-144_167.mp4,有异常
10_0042-156_179.mp4,有异常
10_0042-168_191.mp4,有异常
10_0042-180_203.mp4,有异常
10_0042-192_215.mp4,有异常
10_0042-204_227.mp4,有异常
10_0042-216_239.mp4,有异常
10_0042-228_251.mp4,有异常
10_0042-240_263.mp4,有异常
10_0042-252_275.mp4,有异常
10_0042-264_287.mp4,有异常
10_0042-276_299.mp4,有异常
10_0042-288_311.mp4,有异常
10_0042-300_323.mp4,有异常
10_0042-312_335.mp4,有异常
10_0042-324_347.mp4,有异常
10_0042-336_359.mp4,有异常
10_0042-348_371.mp4,有异常
10_0042-360_383.mp4,有异常
10_0042-372_395.mp4,没有异常
10_0042-384_407.mp4,没有异常
10_0042-396_419.mp4,没有异常
10_0042-408_431.mp4,没有异常
10_0074-000_023.mp4,没有异常
10_0074-012_035.mp4,没有异常
10_0074-024_047.mp4,有异常
10_0074-036_059.mp4,有异常
10_0074-048_071.mp4,有异常
10_0074-060_083.mp4,有异常
10_0074-072_095.mp4,有异常
10_0074-084_107.mp4,有异常
10_0074-096_119.mp4,有异常
10_0074-108_131.mp4,有异常
10_0074-120_143.mp4,有异常
10_0074-132_155.mp4,有异常
10_0074-144_167.mp4,有异常
10_0074-156_179.mp4,有异常
10_0074-168_191.mp4,有异常
10_0074-180_203.mp4,有异常
10_0074-192_215.mp4,有异常
10_0074-204_227.mp4,有异常
10_0074-216_239.mp4,有异常
10_0074-228_251.mp4,有异常
10_0074-240_263.mp4,有异常
10_0074-252_275.mp4,有异常
10_0074-264_287.mp4,有异常
10_0074-276_299.mp4,有异常
10_0074-288_311.mp4,有异常
10_0074-300_323.mp4,有异常
10_0074-312_335.mp4,有异常
10_0074-324_347.mp4,有异常
10_0074-336_359.mp4,有异常
10_0074-348_371.mp4,有异常
10_0074-360_383.mp4,有异常
10_0074-372_395.mp4,有异常
10_0074-384_407.mp4,有异常
10_0074-396_419.mp4,有异常
10_0074-408_431.mp4,有异常
10_0074-420_443.mp4,有异常
10_0074-432_455.mp4,有异常
10_0074-444_467.mp4,有异常
10_0074-456_479.mp4,有异常
10_0074-468_491.mp4,有异常
10_0074-480_503.mp4,有异常
10_0074-492_515.mp4,有异常
10_0074-504_527.mp4,有异常
10_0074-516_539.mp4,有异常
10_0074-528_551.mp4,有异常
10_0074-540_563.mp4,有异常
10_0074-552_575.mp4,有异常
10_0074-564_587.mp4,有异常
10_0074-576_599.mp4,有异常
10_0075-000_023.mp4,没有异常
10_0075-012_035.mp4,没有异常
10_0075-024_047.mp4,没有异常
10_0075-036_059.mp4,没有异常
10_0075-048_071.mp4,没有异常
10_0075-060_083.mp4,没有异常
10_0075-072_095.mp4,没有异常
10_0075-084_107.mp4,没有异常
10_0075-096_119.mp4,没有异常
10_0075-108_131.mp4,没有异常
10_0075-120_143.mp4,没有异常
10_0075-132_155.mp4,没有异常
10_0075-144_167.mp4,没有异常
10_0075-156_179.mp4,没有异常
10_0075-168_191.mp4,有异常
10_0075-180_203.mp4,有异常
10_0075-192_215.mp4,有异常
10_0075-204_227.mp4,没有异常
10_0075-216_239.mp4,没有异常
10_0075-228_251.mp4,没有异常
10_0075-240_263.mp4,没有异常
10_0075-252_275.mp4,没有异常
10_0075-264_287.mp4,没有异常
10_0075-276_299.mp4,没有异常
10_0075-288_311.mp4,没有异常
10_0075-300_323.mp4,没有异常
10_0075-312_335.mp4,有异常
10_0075-324_347.mp4,有异常
10_0075-336_359.mp4,有异常
10_0075-348_371.mp4,有异常
10_0075-360_383.mp4,有异常
10_0075-372_395.mp4,有异常
10_0075-384_407.mp4,有异常
10_0075-396_419.mp4,有异常
10_0075-408_431.mp4,没有异常
10_0075-420_443.mp4,没有异常
10_0075-432_455.mp4,没有异常
10_0075-444_467.mp4,没有异常
10_0075-456_479.mp4,没有异常
10_0075-468_491.mp4,没有异常
10_0075-480_503.mp4,没有异常
11_0176-000_023.mp4,没有异常
11_0176-012_035.mp4,没有异常
11_0176-024_047.mp4,没有异常
11_0176-036_059.mp4,没有异常
11_0176-048_071.mp4,没有异常
11_0176-060_083.mp4,没有异常
11_0176-072_095.mp4,没有异常
11_0176-084_107.mp4,没有异常
11_0176-096_119.mp4,没有异常
11_0176-108_131.mp4,有异常
11_0176-120_143.mp4,有异常
11_0176-132_155.mp4,有异常
11_0176-144_167.mp4,有异常
11_0176-156_179.mp4,有异常
11_0176-168_191.mp4,有异常
11_0176-180_203.mp4,有异常
11_0176-192_215.mp4,有异常
11_0176-204_227.mp4,有异常
11_0176-216_239.mp4,有异常
11_0176-228_251.mp4,有异常
11_0176-240_263.mp4,有异常
11_0176-252_275.mp4,有异常
11_0176-264_287.mp4,有异常
11_0176-276_299.mp4,有异常
11_0176-288_311.mp4,没有异常
11_0176-300_323.mp4,没有异常
11_0176-312_335.mp4,没有异常
12_0142-000_023.mp4,没有异常
12_0142-012_035.mp4,没有异常
12_0142-024_047.mp4,没有异常
12_0142-036_059.mp4,没有异常
12_0142-048_071.mp4,没有异常
12_0142-060_083.mp4,有异常
12_0142-072_095.mp4,有异常
12_0142-084_107.mp4,有异常
12_0142-096_119.mp4,有异常
12_0142-108_131.mp4,有异常
12_0142-120_143.mp4,有异常
12_0142-132_155.mp4,有异常
12_0142-144_167.mp4,有异常
12_0142-156_179.mp4,有异常
12_0142-168_191.mp4,有异常
12_0142-180_203.mp4,有异常
12_0142-192_215.mp4,有异常
12_0142-204_227.mp4,有异常
12_0142-216_239.mp4,有异常
12_0142-228_251.mp4,有异常
12_0142-240_263.mp4,有异常
12_0142-252_275.mp4,有异常
12_0142-264_287.mp4,有异常
12_0142-276_299.mp4,有异常
12_0142-288_311.mp4,有异常
12_0142-300_323.mp4,有异常
12_0142-312_335.mp4,有异常
12_0142-324_347.mp4,有异常
12_0142-336_359.mp4,有异常
12_0142-348_371.mp4,有异常
12_0142-360_383.mp4,有异常
12_0142-372_395.mp4,有异常
12_0142-384_407.mp4,有异常
12_0142-396_419.mp4,有异常
12_0142-408_431.mp4,有异常
12_0142-420_443.mp4,有异常
12_0142-432_455.mp4,有异常
12_0142-444_467.mp4,有异常
12_0142-456_479.mp4,有异常
12_0142-468_491.mp4,有异常
12_0142-480_503.mp4,有异常
12_0142-492_515.mp4,有异常
12_0142-504_527.mp4,有异常
12_0142-516_539.mp4,有异常
12_0142-528_551.mp4,有异常
12_0142-540_563.mp4,有异常
12_0142-552_575.mp4,有异常
12_0142-564_587.mp4,有异常
12_0142-576_599.mp4,有异常
12_0143-000_023.mp4,没有异常
12_0143-012_035.mp4,没有异常
12_0143-024_047.mp4,没有异常
12_0143-036_059.mp4,没有异常
12_0143-048_071.mp4,有异常
12_0143-060_083.mp4,有异常
12_0143-072_095.mp4,有异常
12_0143-084_107.mp4,有异常
12_0143-096_119.mp4,有异常
12_0143-108_131.mp4,有异常
12_0143-120_143.mp4,有异常
12_0143-132_155.mp4,有异常
12_0143-144_167.mp4,有异常
12_0143-156_179.mp4,有异常
12_0143-168_191.mp4,有异常
12_0143-180_203.mp4,有异常
12_0143-192_215.mp4,有异常
12_0143-204_227.mp4,有异常
12_0143-216_239.mp4,有异常
12_0143-228_251.mp4,有异常
12_0143-240_263.mp4,有异常
12_0148-000_023.mp4,没有异常
12_0148-012_035.mp4,没有异常
12_0148-024_047.mp4,没有异常
12_0148-036_059.mp4,没有异常
12_0148-048_071.mp4,没有异常
12_0148-060_083.mp4,有异常
12_0148-072_095.mp4,有异常
12_0148-084_107.mp4,有异常
12_0148-096_119.mp4,有异常
12_0148-108_131.mp4,有异常
12_0148-120_143.mp4,有异常
12_0148-132_155.mp4,有异常
12_0148-144_167.mp4,有异常
12_0148-156_179.mp4,有异常
12_0148-168_191.mp4,有异常
12_0148-180_203.mp4,有异常
12_0148-192_215.mp4,有异常
12_0148-204_227.mp4,有异常
12_0148-216_239.mp4,有异常
12_0148-228_251.mp4,有异常
12_0148-240_263.mp4,有异常
12_0148-252_275.mp4,有异常
12_0148-264_287.mp4,有异常
12_0148-276_299.mp4,有异常
12_0148-288_311.mp4,没有异常
12_0149-000_023.mp4,没有异常
12_0149-012_035.mp4,没有异常
12_0149-024_047.mp4,没有异常
12_0149-036_059.mp4,没有异常
12_0149-048_071.mp4,没有异常
12_0149-060_083.mp4,没有异常
12_0149-072_095.mp4,没有异常
12_0149-084_107.mp4,有异常
12_0149-096_119.mp4,有异常
12_0149-108_131.mp4,有异常
12_0149-120_143.mp4,有异常
12_0149-132_155.mp4,有异常
12_0149-144_167.mp4,有异常
12_0149-156_179.mp4,有异常
12_0149-168_191.mp4,有异常
12_0149-180_203.mp4,有异常
12_0149-192_215.mp4,有异常
12_0149-204_227.mp4,有异常
12_0149-216_239.mp4,有异常
12_0151-000_023.mp4,有异常
12_0151-012_035.mp4,有异常
12_0151-024_047.mp4,有异常
12_0151-036_059.mp4,有异常
12_0151-048_071.mp4,有异常
12_0151-060_083.mp4,有异常
12_0151-072_095.mp4,有异常
12_0151-084_107.mp4,有异常
12_0151-096_119.mp4,有异常
12_0151-108_131.mp4,有异常
12_0151-120_143.mp4,有异常
12_0151-132_155.mp4,有异常
12_0151-144_167.mp4,有异常
12_0151-156_179.mp4,有异常
12_0151-168_191.mp4,有异常
12_0151-180_203.mp4,有异常
12_0151-192_215.mp4,有异常
12_0151-204_227.mp4,有异常
12_0151-216_239.mp4,有异常
12_0151-228_251.mp4,有异常
12_0151-240_263.mp4,没有异常
12_0151-252_275.mp4,没有异常
12_0151-264_287.mp4,没有异常
12_0152-000_023.mp4,没有异常
12_0152-012_035.mp4,没有异常
12_0152-024_047.mp4,没有异常
12_0152-036_059.mp4,有异常
12_0152-048_071.mp4,有异常
12_0152-060_083.mp4,有异常
12_0152-072_095.mp4,有异常
12_0152-084_107.mp4,有异常
12_0152-096_119.mp4,有异常
12_0152-108_131.mp4,有异常
12_0152-120_143.mp4,有异常
12_0152-132_155.mp4,有异常
12_0152-144_167.mp4,有异常
12_0152-156_179.mp4,有异常
12_0152-168_191.mp4,有异常
12_0152-180_203.mp4,有异常
12_0152-192_215.mp4,有异常
12_0152-204_227.mp4,有异常
12_0152-216_239.mp4,有异常
12_0152-228_251.mp4,有异常
12_0152-240_263.mp4,有异常
12_0152-252_275.mp4,有异常
12_0152-264_287.mp4,有异常
12_0152-276_299.mp4,有异常
12_0152-288_311.mp4,有异常
12_0152-300_323.mp4,有异常
12_0152-312_335.mp4,有异常
12_0152-324_347.mp4,有异常
12_0152-336_359.mp4,有异常
12_0154-000_023.mp4,没有异常
12_0154-012_035.mp4,没有异常
12_0154-024_047.mp4,没有异常
12_0154-036_059.mp4,没有异常
12_0154-048_071.mp4,没有异常
12_0154-060_083.mp4,没有异常
12_0154-072_095.mp4,有异常
12_0154-084_107.mp4,有异常
12_0154-096_119.mp4,有异常
12_0154-108_131.mp4,有异常
12_0154-120_143.mp4,有异常
12_0154-132_155.mp4,有异常
12_0154-144_167.mp4,有异常
12_0154-156_179.mp4,有异常
12_0154-168_191.mp4,有异常
12_0154-180_203.mp4,有异常
12_0154-192_215.mp4,有异常
12_0154-204_227.mp4,有异常
12_0154-216_239.mp4,有异常
12_0154-228_251.mp4,有异常
12_0154-240_263.mp4,有异常
12_0154-252_275.mp4,有异常
12_0154-264_287.mp4,有异常
12_0154-276_299.mp4,有异常
12_0154-288_311.mp4,有异常
12_0154-300_323.mp4,有异常
12_0154-312_335.mp4,有异常
12_0154-324_347.mp4,有异常
12_0154-336_359.mp4,有异常
12_0154-348_371.mp4,有异常
12_0154-360_383.mp4,有异常
12_0173-000_023.mp4,没有异常
12_0173-012_035.mp4,没有异常
12_0173-024_047.mp4,没有异常
12_0173-036_059.mp4,有异常
12_0173-048_071.mp4,有异常
12_0173-060_083.mp4,有异常
12_0173-072_095.mp4,有异常
12_0173-084_107.mp4,有异常
12_0173-096_119.mp4,有异常
12_0173-108_131.mp4,有异常
12_0173-120_143.mp4,有异常
12_0173-132_155.mp4,有异常
12_0173-144_167.mp4,有异常
12_0173-156_179.mp4,有异常
12_0173-168_191.mp4,没有异常
12_0173-180_203.mp4,没有异常
12_0173-192_215.mp4,没有异常
12_0174-000_023.mp4,没有异常
12_0174-012_035.mp4,没有异常
12_0174-024_047.mp4,没有异常
12_0174-036_059.mp4,没有异常
12_0174-048_071.mp4,没有异常
12_0174-060_083.mp4,没有异常
12_0174-072_095.mp4,有异常
12_0174-084_107.mp4,有异常
12_0174-096_119.mp4,有异常
12_0174-108_131.mp4,有异常
12_0174-120_143.mp4,有异常
12_0174-132_155.mp4,有异常
12_0174-144_167.mp4,有异常
12_0174-156_179.mp4,有异常
12_0174-168_191.mp4,有异常
12_0174-180_203.mp4,有异常
12_0174-192_215.mp4,有异常
12_0174-204_227.mp4,有异常
12_0174-216_239.mp4,有异常
12_0174-228_251.mp4,有异常
12_0174-240_263.mp4,有异常
12_0174-252_275.mp4,有异常
12_0174-264_287.mp4,有异常
12_0174-276_299.mp4,有异常
12_0174-288_311.mp4,有异常
12_0174-300_323.mp4,有异常
12_0174-312_335.mp4,有异常
12_0175-000_023.mp4,没有异常
12_0175-012_035.mp4,没有异常
12_0175-024_047.mp4,没有异常
12_0175-036_059.mp4,没有异常
12_0175-048_071.mp4,没有异常
12_0175-060_083.mp4,没有异常
12_0175-072_095.mp4,没有异常
12_0175-084_107.mp4,有异常
12_0175-096_119.mp4,有异常
12_0175-108_131.mp4,有异常
12_0175-120_143.mp4,有异常
12_0175-132_155.mp4,有异常
12_0175-144_167.mp4,有异常
12_0175-156_179.mp4,有异常
12_0175-168_191.mp4,有异常
12_0175-180_203.mp4,有异常
12_0175-192_215.mp4,有异常
12_0175-204_227.mp4,有异常
12_0175-216_239.mp4,有异常
12_0175-228_251.mp4,有异常
12_0175-240_263.mp4,有异常
